method_a,method_b,b,c,n_discordant,p_value,p_holm,reject_h0
prompt_only,rag,3,5,8,0.7265625,0.7265625,False
prompt_only,ft,2,21,23,6.604194641113281e-05,0.00026416778564453125,True
prompt_only,ft_rag,1,32,33,7.916241884231567e-09,4.7497451305389404e-08,True
rag,ft,3,20,23,0.00048828125,0.00146484375,True
rag,ft_rag,1,30,31,2.9802322387695312e-08,1.4901161193847656e-07,True
ft,ft_rag,2,14,16,0.004180908203125,0.00836181640625,True
