method,model,dataset_version,test_file_sha256,metric,n_seeds,n_values,seed_list,seed_42,seed_43,seed_44,mean,std,ci_low,ci_high,ci_note
ft,/lustre/mahdamld/ramin/ftm_runtime/models/Qwen3-1.7B,dashboard_v4,e2df055d0a75c25f53a88cb830a5b6d66411fa179413f352f45ca2f6873829d5,json_parse_rate,1,1,42,97.45,,,97.45,,,,not reported for fewer than 5 independent seeds
ft,/lustre/mahdamld/ramin/ftm_runtime/models/Qwen3-1.7B,dashboard_v4,e2df055d0a75c25f53a88cb830a5b6d66411fa179413f352f45ca2f6873829d5,schema_validity_rate,1,1,42,1.46,,,1.46,,,,not reported for fewer than 5 independent seeds
ft,/lustre/mahdamld/ramin/ftm_runtime/models/Qwen3-1.7B,dashboard_v4,e2df055d0a75c25f53a88cb830a5b6d66411fa179413f352f45ca2f6873829d5,encoding_object_rate,1,0,42,,,,,,,,metric unavailable in source runs
ft,/lustre/mahdamld/ramin/ftm_runtime/models/Qwen3-1.7B,dashboard_v4,e2df055d0a75c25f53a88cb830a5b6d66411fa179413f352f45ca2f6873829d5,completeness_score,1,1,42,0.9745,,,0.9745,,,,not reported for fewer than 5 independent seeds
ft,/lustre/mahdamld/ramin/ftm_runtime/models/Qwen3-1.7B,dashboard_v4,e2df055d0a75c25f53a88cb830a5b6d66411fa179413f352f45ca2f6873829d5,top_1_accuracy,1,1,42,1.46,,,1.46,,,,not reported for fewer than 5 independent seeds
ft,/lustre/mahdamld/ramin/ftm_runtime/models/Qwen3-1.7B,dashboard_v4,e2df055d0a75c25f53a88cb830a5b6d66411fa179413f352f45ca2f6873829d5,macro_f1,1,1,42,0.0635,,,0.0635,,,,not reported for fewer than 5 independent seeds
ft,/lustre/mahdamld/ramin/ftm_runtime/models/Qwen3-1.7B,dashboard_v4,e2df055d0a75c25f53a88cb830a5b6d66411fa179413f352f45ca2f6873829d5,exact_task_classification,1,1,42,0.73,,,0.73,,,,not reported for fewer than 5 independent seeds
ft,/lustre/mahdamld/ramin/ftm_runtime/models/Qwen3-1.7B,dashboard_v4,e2df055d0a75c25f53a88cb830a5b6d66411fa179413f352f45ca2f6873829d5,exact_kpi_selection,1,1,42,1.46,,,1.46,,,,not reported for fewer than 5 independent seeds
ft,/lustre/mahdamld/ramin/ftm_runtime/models/Qwen3-1.7B,dashboard_v4,e2df055d0a75c25f53a88cb830a5b6d66411fa179413f352f45ca2f6873829d5,exact_mapping_count,1,1,42,1.46,,,1.46,,,,not reported for fewer than 5 independent seeds
ft,/lustre/mahdamld/ramin/ftm_runtime/models/Qwen3-1.7B,dashboard_v4,e2df055d0a75c25f53a88cb830a5b6d66411fa179413f352f45ca2f6873829d5,exact_encoding,1,1,42,1.46,,,1.46,,,,not reported for fewer than 5 independent seeds
ft,/lustre/mahdamld/ramin/ftm_runtime/models/Qwen3-1.7B,dashboard_v4,e2df055d0a75c25f53a88cb830a5b6d66411fa179413f352f45ca2f6873829d5,encoding_x_accuracy,1,0,42,,,,,,,,metric unavailable in source runs
ft,/lustre/mahdamld/ramin/ftm_runtime/models/Qwen3-1.7B,dashboard_v4,e2df055d0a75c25f53a88cb830a5b6d66411fa179413f352f45ca2f6873829d5,encoding_y_accuracy,1,0,42,,,,,,,,metric unavailable in source runs
ft,/lustre/mahdamld/ramin/ftm_runtime/models/Qwen3-1.7B,dashboard_v4,e2df055d0a75c25f53a88cb830a5b6d66411fa179413f352f45ca2f6873829d5,encoding_aggregate_accuracy,1,0,42,,,,,,,,metric unavailable in source runs
ft,/lustre/mahdamld/ramin/ftm_runtime/models/Qwen3-1.7B,dashboard_v4,e2df055d0a75c25f53a88cb830a5b6d66411fa179413f352f45ca2f6873829d5,encoding_mapping_exact_accuracy,1,0,42,,,,,,,,metric unavailable in source runs
ft,/lustre/mahdamld/ramin/ftm_runtime/models/Qwen3-1.7B,dashboard_v4,e2df055d0a75c25f53a88cb830a5b6d66411fa179413f352f45ca2f6873829d5,exact_aggregate,1,1,42,1.46,,,1.46,,,,not reported for fewer than 5 independent seeds
ft,/lustre/mahdamld/ramin/ftm_runtime/models/Qwen3-1.7B,dashboard_v4,e2df055d0a75c25f53a88cb830a5b6d66411fa179413f352f45ca2f6873829d5,avg_latency_ms,1,1,42,9376.3,,,9376.3,,,,not reported for fewer than 5 independent seeds
ft,/lustre/mahdamld/ramin/ftm_runtime/models/Qwen3-1.7B,dashboard_v4,e2df055d0a75c25f53a88cb830a5b6d66411fa179413f352f45ca2f6873829d5,paraphrase_accuracy,1,1,42,3.65,,,3.65,,,,not reported for fewer than 5 independent seeds
ft,/lustre/mahdamld/ramin/ftm_runtime/models/Qwen3-1.7B,dashboard_v4,e2df055d0a75c25f53a88cb830a5b6d66411fa179413f352f45ca2f6873829d5,paraphrase_consistency,1,1,42,1.46,,,1.46,,,,not reported for fewer than 5 independent seeds
ft,/lustre/mahdamld/ramin/ftm_runtime/models/Qwen3-1.7B,dashboard_v4,e2df055d0a75c25f53a88cb830a5b6d66411fa179413f352f45ca2f6873829d5,missing_info_clarification_rate,1,1,42,0.0,,,0.0,,,,not reported for fewer than 5 independent seeds
ft,/lustre/mahdamld/ramin/ftm_runtime/models/Qwen3-1.7B,dashboard_v4,e2df055d0a75c25f53a88cb830a5b6d66411fa179413f352f45ca2f6873829d5,missing_info_schema_rate,1,1,42,95.99,,,95.99,,,,not reported for fewer than 5 independent seeds
ft,/lustre/mahdamld/ramin/ftm_runtime/models/Qwen3-1.7B,dashboard_v4,e2df055d0a75c25f53a88cb830a5b6d66411fa179413f352f45ca2f6873829d5,supported_claim_rate,1,0,42,,,,,,,,metric unavailable in source runs
ft,/lustre/mahdamld/ramin/ftm_runtime/models/Qwen3-1.7B,dashboard_v4,e2df055d0a75c25f53a88cb830a5b6d66411fa179413f352f45ca2f6873829d5,retrieval_recall_at_3,1,0,42,,,,,,,,metric unavailable in source runs
ft,/lustre/mahdamld/ramin/ftm_runtime/models/Qwen3-1.7B,dashboard_v4,e2df055d0a75c25f53a88cb830a5b6d66411fa179413f352f45ca2f6873829d5,retrieval_mrr_at_3,1,0,42,,,,,,,,metric unavailable in source runs
ft,/lustre/mahdamld/ramin/ftm_runtime/models/Qwen3-1.7B,dashboard_v4,e2df055d0a75c25f53a88cb830a5b6d66411fa179413f352f45ca2f6873829d5,retrieval_ndcg_at_3,1,0,42,,,,,,,,metric unavailable in source runs
ft,/lustre/mahdamld/ramin/ftm_runtime/models/Qwen3-1.7B,dashboard_v4,e2df055d0a75c25f53a88cb830a5b6d66411fa179413f352f45ca2f6873829d5,retrieval_query_coverage,1,0,42,,,,,,,,metric unavailable in source runs
ft,/lustre/mahdamld/ramin/ftm_runtime/models/Qwen3-1.7B,dashboard_v4,e2df055d0a75c25f53a88cb830a5b6d66411fa179413f352f45ca2f6873829d5,retrieval_top_3_support_rate,1,0,42,,,,,,,,metric unavailable in source runs
ft,Qwen/Qwen3-1.7B,dashboard_v4,e2df055d0a75c25f53a88cb830a5b6d66411fa179413f352f45ca2f6873829d5,json_parse_rate,2,2,"43,44",,83.94,87.96,85.94999999999999,2.842569260369918,,,not reported for fewer than 5 independent seeds
ft,Qwen/Qwen3-1.7B,dashboard_v4,e2df055d0a75c25f53a88cb830a5b6d66411fa179413f352f45ca2f6873829d5,schema_validity_rate,2,2,"43,44",,0.0,0.0,0.0,0.0,,,not reported for fewer than 5 independent seeds
ft,Qwen/Qwen3-1.7B,dashboard_v4,e2df055d0a75c25f53a88cb830a5b6d66411fa179413f352f45ca2f6873829d5,encoding_object_rate,2,2,"43,44",,83.94,87.96,85.94999999999999,2.842569260369918,,,not reported for fewer than 5 independent seeds
ft,Qwen/Qwen3-1.7B,dashboard_v4,e2df055d0a75c25f53a88cb830a5b6d66411fa179413f352f45ca2f6873829d5,completeness_score,2,2,"43,44",,0.8394,0.8796,0.8595,0.02842569260369922,,,not reported for fewer than 5 independent seeds
ft,Qwen/Qwen3-1.7B,dashboard_v4,e2df055d0a75c25f53a88cb830a5b6d66411fa179413f352f45ca2f6873829d5,top_1_accuracy,2,2,"43,44",,80.66,85.4,83.03,3.3516861428242417,,,not reported for fewer than 5 independent seeds
ft,Qwen/Qwen3-1.7B,dashboard_v4,e2df055d0a75c25f53a88cb830a5b6d66411fa179413f352f45ca2f6873829d5,macro_f1,2,2,"43,44",,0.3905,0.6272,0.50885,0.16737217510685576,,,not reported for fewer than 5 independent seeds
ft,Qwen/Qwen3-1.7B,dashboard_v4,e2df055d0a75c25f53a88cb830a5b6d66411fa179413f352f45ca2f6873829d5,exact_task_classification,2,2,"43,44",,80.66,85.4,83.03,3.3516861428242417,,,not reported for fewer than 5 independent seeds
ft,Qwen/Qwen3-1.7B,dashboard_v4,e2df055d0a75c25f53a88cb830a5b6d66411fa179413f352f45ca2f6873829d5,exact_kpi_selection,2,2,"43,44",,83.58,87.96,85.77,3.097127701597075,,,not reported for fewer than 5 independent seeds
ft,Qwen/Qwen3-1.7B,dashboard_v4,e2df055d0a75c25f53a88cb830a5b6d66411fa179413f352f45ca2f6873829d5,exact_mapping_count,2,2,"43,44",,83.58,87.96,85.77,3.097127701597075,,,not reported for fewer than 5 independent seeds
ft,Qwen/Qwen3-1.7B,dashboard_v4,e2df055d0a75c25f53a88cb830a5b6d66411fa179413f352f45ca2f6873829d5,exact_encoding,2,2,"43,44",,82.85,86.5,84.675,2.5809397513309023,,,not reported for fewer than 5 independent seeds
ft,Qwen/Qwen3-1.7B,dashboard_v4,e2df055d0a75c25f53a88cb830a5b6d66411fa179413f352f45ca2f6873829d5,encoding_x_accuracy,2,2,"43,44",,83.58,87.23,85.405,2.5809397513309023,,,not reported for fewer than 5 independent seeds
ft,Qwen/Qwen3-1.7B,dashboard_v4,e2df055d0a75c25f53a88cb830a5b6d66411fa179413f352f45ca2f6873829d5,encoding_y_accuracy,2,2,"43,44",,83.58,87.96,85.77,3.097127701597075,,,not reported for fewer than 5 independent seeds
ft,Qwen/Qwen3-1.7B,dashboard_v4,e2df055d0a75c25f53a88cb830a5b6d66411fa179413f352f45ca2f6873829d5,encoding_aggregate_accuracy,2,2,"43,44",,80.33,85.36,82.845,3.556747109368335,,,not reported for fewer than 5 independent seeds
ft,Qwen/Qwen3-1.7B,dashboard_v4,e2df055d0a75c25f53a88cb830a5b6d66411fa179413f352f45ca2f6873829d5,encoding_mapping_exact_accuracy,2,2,"43,44",,82.85,86.5,84.675,2.5809397513309023,,,not reported for fewer than 5 independent seeds
ft,Qwen/Qwen3-1.7B,dashboard_v4,e2df055d0a75c25f53a88cb830a5b6d66411fa179413f352f45ca2f6873829d5,exact_aggregate,2,2,"43,44",,82.85,87.23,85.03999999999999,3.097127701597085,,,not reported for fewer than 5 independent seeds
ft,Qwen/Qwen3-1.7B,dashboard_v4,e2df055d0a75c25f53a88cb830a5b6d66411fa179413f352f45ca2f6873829d5,avg_latency_ms,2,2,"43,44",,38749.0,39036.4,38892.7,203.2224889130148,,,not reported for fewer than 5 independent seeds
ft,Qwen/Qwen3-1.7B,dashboard_v4,e2df055d0a75c25f53a88cb830a5b6d66411fa179413f352f45ca2f6873829d5,paraphrase_accuracy,2,2,"43,44",,81.75,84.31,83.03,1.8101933598375632,,,not reported for fewer than 5 independent seeds
ft,Qwen/Qwen3-1.7B,dashboard_v4,e2df055d0a75c25f53a88cb830a5b6d66411fa179413f352f45ca2f6873829d5,paraphrase_consistency,2,2,"43,44",,81.39,86.86,84.125,3.867874093090414,,,not reported for fewer than 5 independent seeds
ft,Qwen/Qwen3-1.7B,dashboard_v4,e2df055d0a75c25f53a88cb830a5b6d66411fa179413f352f45ca2f6873829d5,missing_info_clarification_rate,2,2,"43,44",,0.0,0.0,0.0,0.0,,,not reported for fewer than 5 independent seeds
ft,Qwen/Qwen3-1.7B,dashboard_v4,e2df055d0a75c25f53a88cb830a5b6d66411fa179413f352f45ca2f6873829d5,missing_info_schema_rate,2,2,"43,44",,87.59,88.69,88.14,0.7778174593051983,,,not reported for fewer than 5 independent seeds
ft,Qwen/Qwen3-1.7B,dashboard_v4,e2df055d0a75c25f53a88cb830a5b6d66411fa179413f352f45ca2f6873829d5,supported_claim_rate,2,0,"43,44",,,,,,,,metric unavailable in source runs
ft,Qwen/Qwen3-1.7B,dashboard_v4,e2df055d0a75c25f53a88cb830a5b6d66411fa179413f352f45ca2f6873829d5,retrieval_recall_at_3,2,0,"43,44",,,,,,,,metric unavailable in source runs
ft,Qwen/Qwen3-1.7B,dashboard_v4,e2df055d0a75c25f53a88cb830a5b6d66411fa179413f352f45ca2f6873829d5,retrieval_mrr_at_3,2,0,"43,44",,,,,,,,metric unavailable in source runs
ft,Qwen/Qwen3-1.7B,dashboard_v4,e2df055d0a75c25f53a88cb830a5b6d66411fa179413f352f45ca2f6873829d5,retrieval_ndcg_at_3,2,0,"43,44",,,,,,,,metric unavailable in source runs
ft,Qwen/Qwen3-1.7B,dashboard_v4,e2df055d0a75c25f53a88cb830a5b6d66411fa179413f352f45ca2f6873829d5,retrieval_query_coverage,2,0,"43,44",,,,,,,,metric unavailable in source runs
ft,Qwen/Qwen3-1.7B,dashboard_v4,e2df055d0a75c25f53a88cb830a5b6d66411fa179413f352f45ca2f6873829d5,retrieval_top_3_support_rate,2,0,"43,44",,,,,,,,metric unavailable in source runs
ft,Qwen/Qwen3-8B,dashboard_v4,e2df055d0a75c25f53a88cb830a5b6d66411fa179413f352f45ca2f6873829d5,json_parse_rate,1,1,42,86.13,,,86.13,,,,not reported for fewer than 5 independent seeds
ft,Qwen/Qwen3-8B,dashboard_v4,e2df055d0a75c25f53a88cb830a5b6d66411fa179413f352f45ca2f6873829d5,schema_validity_rate,1,1,42,0.0,,,0.0,,,,not reported for fewer than 5 independent seeds
ft,Qwen/Qwen3-8B,dashboard_v4,e2df055d0a75c25f53a88cb830a5b6d66411fa179413f352f45ca2f6873829d5,encoding_object_rate,1,1,42,86.13,,,86.13,,,,not reported for fewer than 5 independent seeds
ft,Qwen/Qwen3-8B,dashboard_v4,e2df055d0a75c25f53a88cb830a5b6d66411fa179413f352f45ca2f6873829d5,completeness_score,1,1,42,0.8613,,,0.8613,,,,not reported for fewer than 5 independent seeds
ft,Qwen/Qwen3-8B,dashboard_v4,e2df055d0a75c25f53a88cb830a5b6d66411fa179413f352f45ca2f6873829d5,top_1_accuracy,1,1,42,83.94,,,83.94,,,,not reported for fewer than 5 independent seeds
ft,Qwen/Qwen3-8B,dashboard_v4,e2df055d0a75c25f53a88cb830a5b6d66411fa179413f352f45ca2f6873829d5,macro_f1,1,1,42,0.5302,,,0.5302,,,,not reported for fewer than 5 independent seeds
ft,Qwen/Qwen3-8B,dashboard_v4,e2df055d0a75c25f53a88cb830a5b6d66411fa179413f352f45ca2f6873829d5,exact_task_classification,1,1,42,83.21,,,83.21,,,,not reported for fewer than 5 independent seeds
ft,Qwen/Qwen3-8B,dashboard_v4,e2df055d0a75c25f53a88cb830a5b6d66411fa179413f352f45ca2f6873829d5,exact_kpi_selection,1,1,42,85.4,,,85.4,,,,not reported for fewer than 5 independent seeds
ft,Qwen/Qwen3-8B,dashboard_v4,e2df055d0a75c25f53a88cb830a5b6d66411fa179413f352f45ca2f6873829d5,exact_mapping_count,1,1,42,86.13,,,86.13,,,,not reported for fewer than 5 independent seeds
ft,Qwen/Qwen3-8B,dashboard_v4,e2df055d0a75c25f53a88cb830a5b6d66411fa179413f352f45ca2f6873829d5,exact_encoding,1,1,42,83.94,,,83.94,,,,not reported for fewer than 5 independent seeds
ft,Qwen/Qwen3-8B,dashboard_v4,e2df055d0a75c25f53a88cb830a5b6d66411fa179413f352f45ca2f6873829d5,encoding_x_accuracy,1,1,42,84.31,,,84.31,,,,not reported for fewer than 5 independent seeds
ft,Qwen/Qwen3-8B,dashboard_v4,e2df055d0a75c25f53a88cb830a5b6d66411fa179413f352f45ca2f6873829d5,encoding_y_accuracy,1,1,42,85.04,,,85.04,,,,not reported for fewer than 5 independent seeds
ft,Qwen/Qwen3-8B,dashboard_v4,e2df055d0a75c25f53a88cb830a5b6d66411fa179413f352f45ca2f6873829d5,encoding_aggregate_accuracy,1,1,42,85.36,,,85.36,,,,not reported for fewer than 5 independent seeds
ft,Qwen/Qwen3-8B,dashboard_v4,e2df055d0a75c25f53a88cb830a5b6d66411fa179413f352f45ca2f6873829d5,encoding_mapping_exact_accuracy,1,1,42,84.31,,,84.31,,,,not reported for fewer than 5 independent seeds
ft,Qwen/Qwen3-8B,dashboard_v4,e2df055d0a75c25f53a88cb830a5b6d66411fa179413f352f45ca2f6873829d5,exact_aggregate,1,1,42,85.77,,,85.77,,,,not reported for fewer than 5 independent seeds
ft,Qwen/Qwen3-8B,dashboard_v4,e2df055d0a75c25f53a88cb830a5b6d66411fa179413f352f45ca2f6873829d5,avg_latency_ms,1,1,42,22464.0,,,22464.0,,,,not reported for fewer than 5 independent seeds
ft,Qwen/Qwen3-8B,dashboard_v4,e2df055d0a75c25f53a88cb830a5b6d66411fa179413f352f45ca2f6873829d5,paraphrase_accuracy,1,1,42,83.94,,,83.94,,,,not reported for fewer than 5 independent seeds
ft,Qwen/Qwen3-8B,dashboard_v4,e2df055d0a75c25f53a88cb830a5b6d66411fa179413f352f45ca2f6873829d5,paraphrase_consistency,1,1,42,83.58,,,83.58,,,,not reported for fewer than 5 independent seeds
ft,Qwen/Qwen3-8B,dashboard_v4,e2df055d0a75c25f53a88cb830a5b6d66411fa179413f352f45ca2f6873829d5,missing_info_clarification_rate,1,1,42,0.0,,,0.0,,,,not reported for fewer than 5 independent seeds
ft,Qwen/Qwen3-8B,dashboard_v4,e2df055d0a75c25f53a88cb830a5b6d66411fa179413f352f45ca2f6873829d5,missing_info_schema_rate,1,1,42,90.15,,,90.15,,,,not reported for fewer than 5 independent seeds
ft,Qwen/Qwen3-8B,dashboard_v4,e2df055d0a75c25f53a88cb830a5b6d66411fa179413f352f45ca2f6873829d5,supported_claim_rate,1,0,42,,,,,,,,metric unavailable in source runs
ft,Qwen/Qwen3-8B,dashboard_v4,e2df055d0a75c25f53a88cb830a5b6d66411fa179413f352f45ca2f6873829d5,retrieval_recall_at_3,1,0,42,,,,,,,,metric unavailable in source runs
ft,Qwen/Qwen3-8B,dashboard_v4,e2df055d0a75c25f53a88cb830a5b6d66411fa179413f352f45ca2f6873829d5,retrieval_mrr_at_3,1,0,42,,,,,,,,metric unavailable in source runs
ft,Qwen/Qwen3-8B,dashboard_v4,e2df055d0a75c25f53a88cb830a5b6d66411fa179413f352f45ca2f6873829d5,retrieval_ndcg_at_3,1,0,42,,,,,,,,metric unavailable in source runs
ft,Qwen/Qwen3-8B,dashboard_v4,e2df055d0a75c25f53a88cb830a5b6d66411fa179413f352f45ca2f6873829d5,retrieval_query_coverage,1,0,42,,,,,,,,metric unavailable in source runs
ft,Qwen/Qwen3-8B,dashboard_v4,e2df055d0a75c25f53a88cb830a5b6d66411fa179413f352f45ca2f6873829d5,retrieval_top_3_support_rate,1,0,42,,,,,,,,metric unavailable in source runs
ft,Qwen/Qwen3.8-27B,dashboard_v4,e2df055d0a75c25f53a88cb830a5b6d66411fa179413f352f45ca2f6873829d5,json_parse_rate,1,1,42,100.0,,,100.0,,,,not reported for fewer than 5 independent seeds
ft,Qwen/Qwen3.8-27B,dashboard_v4,e2df055d0a75c25f53a88cb830a5b6d66411fa179413f352f45ca2f6873829d5,schema_validity_rate,1,1,42,0.0,,,0.0,,,,not reported for fewer than 5 independent seeds
ft,Qwen/Qwen3.8-27B,dashboard_v4,e2df055d0a75c25f53a88cb830a5b6d66411fa179413f352f45ca2f6873829d5,encoding_object_rate,1,1,42,100.0,,,100.0,,,,not reported for fewer than 5 independent seeds
ft,Qwen/Qwen3.8-27B,dashboard_v4,e2df055d0a75c25f53a88cb830a5b6d66411fa179413f352f45ca2f6873829d5,completeness_score,1,1,42,1.0,,,1.0,,,,not reported for fewer than 5 independent seeds
ft,Qwen/Qwen3.8-27B,dashboard_v4,e2df055d0a75c25f53a88cb830a5b6d66411fa179413f352f45ca2f6873829d5,top_1_accuracy,1,1,42,96.72,,,96.72,,,,not reported for fewer than 5 independent seeds
ft,Qwen/Qwen3.8-27B,dashboard_v4,e2df055d0a75c25f53a88cb830a5b6d66411fa179413f352f45ca2f6873829d5,macro_f1,1,1,42,0.7625,,,0.7625,,,,not reported for fewer than 5 independent seeds
ft,Qwen/Qwen3.8-27B,dashboard_v4,e2df055d0a75c25f53a88cb830a5b6d66411fa179413f352f45ca2f6873829d5,exact_task_classification,1,1,42,96.35,,,96.35,,,,not reported for fewer than 5 independent seeds
ft,Qwen/Qwen3.8-27B,dashboard_v4,e2df055d0a75c25f53a88cb830a5b6d66411fa179413f352f45ca2f6873829d5,exact_kpi_selection,1,1,42,100.0,,,100.0,,,,not reported for fewer than 5 independent seeds
ft,Qwen/Qwen3.8-27B,dashboard_v4,e2df055d0a75c25f53a88cb830a5b6d66411fa179413f352f45ca2f6873829d5,exact_mapping_count,1,1,42,100.0,,,100.0,,,,not reported for fewer than 5 independent seeds
ft,Qwen/Qwen3.8-27B,dashboard_v4,e2df055d0a75c25f53a88cb830a5b6d66411fa179413f352f45ca2f6873829d5,exact_encoding,1,1,42,98.18,,,98.18,,,,not reported for fewer than 5 independent seeds
ft,Qwen/Qwen3.8-27B,dashboard_v4,e2df055d0a75c25f53a88cb830a5b6d66411fa179413f352f45ca2f6873829d5,encoding_x_accuracy,1,1,42,98.18,,,98.18,,,,not reported for fewer than 5 independent seeds
ft,Qwen/Qwen3.8-27B,dashboard_v4,e2df055d0a75c25f53a88cb830a5b6d66411fa179413f352f45ca2f6873829d5,encoding_y_accuracy,1,1,42,99.64,,,99.64,,,,not reported for fewer than 5 independent seeds
ft,Qwen/Qwen3.8-27B,dashboard_v4,e2df055d0a75c25f53a88cb830a5b6d66411fa179413f352f45ca2f6873829d5,encoding_aggregate_accuracy,1,1,42,100.0,,,100.0,,,,not reported for fewer than 5 independent seeds
ft,Qwen/Qwen3.8-27B,dashboard_v4,e2df055d0a75c25f53a88cb830a5b6d66411fa179413f352f45ca2f6873829d5,encoding_mapping_exact_accuracy,1,1,42,98.18,,,98.18,,,,not reported for fewer than 5 independent seeds
ft,Qwen/Qwen3.8-27B,dashboard_v4,e2df055d0a75c25f53a88cb830a5b6d66411fa179413f352f45ca2f6873829d5,exact_aggregate,1,1,42,100.0,,,100.0,,,,not reported for fewer than 5 independent seeds
ft,Qwen/Qwen3.8-27B,dashboard_v4,e2df055d0a75c25f53a88cb830a5b6d66411fa179413f352f45ca2f6873829d5,avg_latency_ms,1,1,42,76232.6,,,76232.6,,,,not reported for fewer than 5 independent seeds
ft,Qwen/Qwen3.8-27B,dashboard_v4,e2df055d0a75c25f53a88cb830a5b6d66411fa179413f352f45ca2f6873829d5,paraphrase_accuracy,1,1,42,96.72,,,96.72,,,,not reported for fewer than 5 independent seeds
ft,Qwen/Qwen3.8-27B,dashboard_v4,e2df055d0a75c25f53a88cb830a5b6d66411fa179413f352f45ca2f6873829d5,paraphrase_consistency,1,1,42,100.0,,,100.0,,,,not reported for fewer than 5 independent seeds
ft,Qwen/Qwen3.8-27B,dashboard_v4,e2df055d0a75c25f53a88cb830a5b6d66411fa179413f352f45ca2f6873829d5,missing_info_clarification_rate,1,1,42,0.0,,,0.0,,,,not reported for fewer than 5 independent seeds
ft,Qwen/Qwen3.8-27B,dashboard_v4,e2df055d0a75c25f53a88cb830a5b6d66411fa179413f352f45ca2f6873829d5,missing_info_schema_rate,1,1,42,100.0,,,100.0,,,,not reported for fewer than 5 independent seeds
ft,Qwen/Qwen3.8-27B,dashboard_v4,e2df055d0a75c25f53a88cb830a5b6d66411fa179413f352f45ca2f6873829d5,supported_claim_rate,1,0,42,,,,,,,,metric unavailable in source runs
ft,Qwen/Qwen3.8-27B,dashboard_v4,e2df055d0a75c25f53a88cb830a5b6d66411fa179413f352f45ca2f6873829d5,retrieval_recall_at_3,1,0,42,,,,,,,,metric unavailable in source runs
ft,Qwen/Qwen3.8-27B,dashboard_v4,e2df055d0a75c25f53a88cb830a5b6d66411fa179413f352f45ca2f6873829d5,retrieval_mrr_at_3,1,0,42,,,,,,,,metric unavailable in source runs
ft,Qwen/Qwen3.8-27B,dashboard_v4,e2df055d0a75c25f53a88cb830a5b6d66411fa179413f352f45ca2f6873829d5,retrieval_ndcg_at_3,1,0,42,,,,,,,,metric unavailable in source runs
ft,Qwen/Qwen3.8-27B,dashboard_v4,e2df055d0a75c25f53a88cb830a5b6d66411fa179413f352f45ca2f6873829d5,retrieval_query_coverage,1,0,42,,,,,,,,metric unavailable in source runs
ft,Qwen/Qwen3.8-27B,dashboard_v4,e2df055d0a75c25f53a88cb830a5b6d66411fa179413f352f45ca2f6873829d5,retrieval_top_3_support_rate,1,0,42,,,,,,,,metric unavailable in source runs
ft,allenai/OLMo-2-0425-1B-Instruct,dashboard_v4,e2df055d0a75c25f53a88cb830a5b6d66411fa179413f352f45ca2f6873829d5,json_parse_rate,3,3,"42,43,44",2.92,2.92,2.92,2.92,0.0,,,not reported for fewer than 5 independent seeds
ft,allenai/OLMo-2-0425-1B-Instruct,dashboard_v4,e2df055d0a75c25f53a88cb830a5b6d66411fa179413f352f45ca2f6873829d5,schema_validity_rate,3,3,"42,43,44",0.0,0.0,0.0,0.0,0.0,,,not reported for fewer than 5 independent seeds
ft,allenai/OLMo-2-0425-1B-Instruct,dashboard_v4,e2df055d0a75c25f53a88cb830a5b6d66411fa179413f352f45ca2f6873829d5,encoding_object_rate,3,3,"42,43,44",2.92,2.92,2.92,2.92,0.0,,,not reported for fewer than 5 independent seeds
ft,allenai/OLMo-2-0425-1B-Instruct,dashboard_v4,e2df055d0a75c25f53a88cb830a5b6d66411fa179413f352f45ca2f6873829d5,completeness_score,3,3,"42,43,44",0.0292,0.0292,0.0292,0.0292,0.0,,,not reported for fewer than 5 independent seeds
ft,allenai/OLMo-2-0425-1B-Instruct,dashboard_v4,e2df055d0a75c25f53a88cb830a5b6d66411fa179413f352f45ca2f6873829d5,top_1_accuracy,3,3,"42,43,44",2.55,2.92,2.92,2.796666666666667,0.21361959960016158,,,not reported for fewer than 5 independent seeds
ft,allenai/OLMo-2-0425-1B-Instruct,dashboard_v4,e2df055d0a75c25f53a88cb830a5b6d66411fa179413f352f45ca2f6873829d5,macro_f1,3,3,"42,43,44",0.0181,0.0199,0.0199,0.0193,0.001039230484541326,,,not reported for fewer than 5 independent seeds
ft,allenai/OLMo-2-0425-1B-Instruct,dashboard_v4,e2df055d0a75c25f53a88cb830a5b6d66411fa179413f352f45ca2f6873829d5,exact_task_classification,3,3,"42,43,44",2.55,2.92,2.55,2.6733333333333333,0.2136195996001616,,,not reported for fewer than 5 independent seeds
ft,allenai/OLMo-2-0425-1B-Instruct,dashboard_v4,e2df055d0a75c25f53a88cb830a5b6d66411fa179413f352f45ca2f6873829d5,exact_kpi_selection,3,3,"42,43,44",2.92,2.92,2.92,2.92,0.0,,,not reported for fewer than 5 independent seeds
ft,allenai/OLMo-2-0425-1B-Instruct,dashboard_v4,e2df055d0a75c25f53a88cb830a5b6d66411fa179413f352f45ca2f6873829d5,exact_mapping_count,3,3,"42,43,44",2.92,2.92,2.92,2.92,0.0,,,not reported for fewer than 5 independent seeds
ft,allenai/OLMo-2-0425-1B-Instruct,dashboard_v4,e2df055d0a75c25f53a88cb830a5b6d66411fa179413f352f45ca2f6873829d5,exact_encoding,3,3,"42,43,44",2.92,2.92,2.92,2.92,0.0,,,not reported for fewer than 5 independent seeds
ft,allenai/OLMo-2-0425-1B-Instruct,dashboard_v4,e2df055d0a75c25f53a88cb830a5b6d66411fa179413f352f45ca2f6873829d5,encoding_x_accuracy,3,3,"42,43,44",2.92,2.92,2.92,2.92,0.0,,,not reported for fewer than 5 independent seeds
ft,allenai/OLMo-2-0425-1B-Instruct,dashboard_v4,e2df055d0a75c25f53a88cb830a5b6d66411fa179413f352f45ca2f6873829d5,encoding_y_accuracy,3,3,"42,43,44",2.92,2.92,2.92,2.92,0.0,,,not reported for fewer than 5 independent seeds
ft,allenai/OLMo-2-0425-1B-Instruct,dashboard_v4,e2df055d0a75c25f53a88cb830a5b6d66411fa179413f352f45ca2f6873829d5,encoding_aggregate_accuracy,3,3,"42,43,44",0.84,1.26,1.26,1.12,0.24248711305964285,,,not reported for fewer than 5 independent seeds
ft,allenai/OLMo-2-0425-1B-Instruct,dashboard_v4,e2df055d0a75c25f53a88cb830a5b6d66411fa179413f352f45ca2f6873829d5,encoding_mapping_exact_accuracy,3,3,"42,43,44",2.92,2.92,2.92,2.92,0.0,,,not reported for fewer than 5 independent seeds
ft,allenai/OLMo-2-0425-1B-Instruct,dashboard_v4,e2df055d0a75c25f53a88cb830a5b6d66411fa179413f352f45ca2f6873829d5,exact_aggregate,3,3,"42,43,44",2.92,2.92,2.92,2.92,0.0,,,not reported for fewer than 5 independent seeds
ft,allenai/OLMo-2-0425-1B-Instruct,dashboard_v4,e2df055d0a75c25f53a88cb830a5b6d66411fa179413f352f45ca2f6873829d5,avg_latency_ms,3,3,"42,43,44",13598.0,11876.6,11898.4,12457.666666666666,987.6177870681215,,,not reported for fewer than 5 independent seeds
ft,allenai/OLMo-2-0425-1B-Instruct,dashboard_v4,e2df055d0a75c25f53a88cb830a5b6d66411fa179413f352f45ca2f6873829d5,paraphrase_accuracy,3,3,"42,43,44",2.55,3.28,3.28,3.0366666666666666,0.4214656965084268,,,not reported for fewer than 5 independent seeds
ft,allenai/OLMo-2-0425-1B-Instruct,dashboard_v4,e2df055d0a75c25f53a88cb830a5b6d66411fa179413f352f45ca2f6873829d5,paraphrase_consistency,3,3,"42,43,44",2.55,2.92,2.92,2.796666666666667,0.21361959960016158,,,not reported for fewer than 5 independent seeds
ft,allenai/OLMo-2-0425-1B-Instruct,dashboard_v4,e2df055d0a75c25f53a88cb830a5b6d66411fa179413f352f45ca2f6873829d5,missing_info_clarification_rate,3,3,"42,43,44",0.0,0.0,0.0,0.0,0.0,,,not reported for fewer than 5 independent seeds
ft,allenai/OLMo-2-0425-1B-Instruct,dashboard_v4,e2df055d0a75c25f53a88cb830a5b6d66411fa179413f352f45ca2f6873829d5,missing_info_schema_rate,3,3,"42,43,44",2.55,3.28,3.65,3.16,0.5597320787662612,,,not reported for fewer than 5 independent seeds
ft,allenai/OLMo-2-0425-1B-Instruct,dashboard_v4,e2df055d0a75c25f53a88cb830a5b6d66411fa179413f352f45ca2f6873829d5,supported_claim_rate,3,0,"42,43,44",,,,,,,,metric unavailable in source runs
ft,allenai/OLMo-2-0425-1B-Instruct,dashboard_v4,e2df055d0a75c25f53a88cb830a5b6d66411fa179413f352f45ca2f6873829d5,retrieval_recall_at_3,3,0,"42,43,44",,,,,,,,metric unavailable in source runs
ft,allenai/OLMo-2-0425-1B-Instruct,dashboard_v4,e2df055d0a75c25f53a88cb830a5b6d66411fa179413f352f45ca2f6873829d5,retrieval_mrr_at_3,3,0,"42,43,44",,,,,,,,metric unavailable in source runs
ft,allenai/OLMo-2-0425-1B-Instruct,dashboard_v4,e2df055d0a75c25f53a88cb830a5b6d66411fa179413f352f45ca2f6873829d5,retrieval_ndcg_at_3,3,0,"42,43,44",,,,,,,,metric unavailable in source runs
ft,allenai/OLMo-2-0425-1B-Instruct,dashboard_v4,e2df055d0a75c25f53a88cb830a5b6d66411fa179413f352f45ca2f6873829d5,retrieval_query_coverage,3,0,"42,43,44",,,,,,,,metric unavailable in source runs
ft,allenai/OLMo-2-0425-1B-Instruct,dashboard_v4,e2df055d0a75c25f53a88cb830a5b6d66411fa179413f352f45ca2f6873829d5,retrieval_top_3_support_rate,3,0,"42,43,44",,,,,,,,metric unavailable in source runs
ft_rag,/lustre/mahdamld/ramin/ftm_runtime/models/Qwen3-1.7B,dashboard_v4,e2df055d0a75c25f53a88cb830a5b6d66411fa179413f352f45ca2f6873829d5,json_parse_rate,1,1,42,95.99,,,95.99,,,,not reported for fewer than 5 independent seeds
ft_rag,/lustre/mahdamld/ramin/ftm_runtime/models/Qwen3-1.7B,dashboard_v4,e2df055d0a75c25f53a88cb830a5b6d66411fa179413f352f45ca2f6873829d5,schema_validity_rate,1,1,42,0.0,,,0.0,,,,not reported for fewer than 5 independent seeds
ft_rag,/lustre/mahdamld/ramin/ftm_runtime/models/Qwen3-1.7B,dashboard_v4,e2df055d0a75c25f53a88cb830a5b6d66411fa179413f352f45ca2f6873829d5,encoding_object_rate,1,0,42,,,,,,,,metric unavailable in source runs
ft_rag,/lustre/mahdamld/ramin/ftm_runtime/models/Qwen3-1.7B,dashboard_v4,e2df055d0a75c25f53a88cb830a5b6d66411fa179413f352f45ca2f6873829d5,completeness_score,1,1,42,0.958,,,0.958,,,,not reported for fewer than 5 independent seeds
ft_rag,/lustre/mahdamld/ramin/ftm_runtime/models/Qwen3-1.7B,dashboard_v4,e2df055d0a75c25f53a88cb830a5b6d66411fa179413f352f45ca2f6873829d5,top_1_accuracy,1,1,42,0.0,,,0.0,,,,not reported for fewer than 5 independent seeds
ft_rag,/lustre/mahdamld/ramin/ftm_runtime/models/Qwen3-1.7B,dashboard_v4,e2df055d0a75c25f53a88cb830a5b6d66411fa179413f352f45ca2f6873829d5,macro_f1,1,1,42,0.0,,,0.0,,,,not reported for fewer than 5 independent seeds
ft_rag,/lustre/mahdamld/ramin/ftm_runtime/models/Qwen3-1.7B,dashboard_v4,e2df055d0a75c25f53a88cb830a5b6d66411fa179413f352f45ca2f6873829d5,exact_task_classification,1,1,42,0.0,,,0.0,,,,not reported for fewer than 5 independent seeds
ft_rag,/lustre/mahdamld/ramin/ftm_runtime/models/Qwen3-1.7B,dashboard_v4,e2df055d0a75c25f53a88cb830a5b6d66411fa179413f352f45ca2f6873829d5,exact_kpi_selection,1,1,42,0.0,,,0.0,,,,not reported for fewer than 5 independent seeds
ft_rag,/lustre/mahdamld/ramin/ftm_runtime/models/Qwen3-1.7B,dashboard_v4,e2df055d0a75c25f53a88cb830a5b6d66411fa179413f352f45ca2f6873829d5,exact_mapping_count,1,1,42,0.0,,,0.0,,,,not reported for fewer than 5 independent seeds
ft_rag,/lustre/mahdamld/ramin/ftm_runtime/models/Qwen3-1.7B,dashboard_v4,e2df055d0a75c25f53a88cb830a5b6d66411fa179413f352f45ca2f6873829d5,exact_encoding,1,1,42,0.0,,,0.0,,,,not reported for fewer than 5 independent seeds
ft_rag,/lustre/mahdamld/ramin/ftm_runtime/models/Qwen3-1.7B,dashboard_v4,e2df055d0a75c25f53a88cb830a5b6d66411fa179413f352f45ca2f6873829d5,encoding_x_accuracy,1,0,42,,,,,,,,metric unavailable in source runs
ft_rag,/lustre/mahdamld/ramin/ftm_runtime/models/Qwen3-1.7B,dashboard_v4,e2df055d0a75c25f53a88cb830a5b6d66411fa179413f352f45ca2f6873829d5,encoding_y_accuracy,1,0,42,,,,,,,,metric unavailable in source runs
ft_rag,/lustre/mahdamld/ramin/ftm_runtime/models/Qwen3-1.7B,dashboard_v4,e2df055d0a75c25f53a88cb830a5b6d66411fa179413f352f45ca2f6873829d5,encoding_aggregate_accuracy,1,0,42,,,,,,,,metric unavailable in source runs
ft_rag,/lustre/mahdamld/ramin/ftm_runtime/models/Qwen3-1.7B,dashboard_v4,e2df055d0a75c25f53a88cb830a5b6d66411fa179413f352f45ca2f6873829d5,encoding_mapping_exact_accuracy,1,0,42,,,,,,,,metric unavailable in source runs
ft_rag,/lustre/mahdamld/ramin/ftm_runtime/models/Qwen3-1.7B,dashboard_v4,e2df055d0a75c25f53a88cb830a5b6d66411fa179413f352f45ca2f6873829d5,exact_aggregate,1,1,42,0.0,,,0.0,,,,not reported for fewer than 5 independent seeds
ft_rag,/lustre/mahdamld/ramin/ftm_runtime/models/Qwen3-1.7B,dashboard_v4,e2df055d0a75c25f53a88cb830a5b6d66411fa179413f352f45ca2f6873829d5,avg_latency_ms,1,1,42,9654.0,,,9654.0,,,,not reported for fewer than 5 independent seeds
ft_rag,/lustre/mahdamld/ramin/ftm_runtime/models/Qwen3-1.7B,dashboard_v4,e2df055d0a75c25f53a88cb830a5b6d66411fa179413f352f45ca2f6873829d5,paraphrase_accuracy,1,1,42,0.36,,,0.36,,,,not reported for fewer than 5 independent seeds
ft_rag,/lustre/mahdamld/ramin/ftm_runtime/models/Qwen3-1.7B,dashboard_v4,e2df055d0a75c25f53a88cb830a5b6d66411fa179413f352f45ca2f6873829d5,paraphrase_consistency,1,1,42,0.0,,,0.0,,,,not reported for fewer than 5 independent seeds
ft_rag,/lustre/mahdamld/ramin/ftm_runtime/models/Qwen3-1.7B,dashboard_v4,e2df055d0a75c25f53a88cb830a5b6d66411fa179413f352f45ca2f6873829d5,missing_info_clarification_rate,1,1,42,0.0,,,0.0,,,,not reported for fewer than 5 independent seeds
ft_rag,/lustre/mahdamld/ramin/ftm_runtime/models/Qwen3-1.7B,dashboard_v4,e2df055d0a75c25f53a88cb830a5b6d66411fa179413f352f45ca2f6873829d5,missing_info_schema_rate,1,1,42,97.08,,,97.08,,,,not reported for fewer than 5 independent seeds
ft_rag,/lustre/mahdamld/ramin/ftm_runtime/models/Qwen3-1.7B,dashboard_v4,e2df055d0a75c25f53a88cb830a5b6d66411fa179413f352f45ca2f6873829d5,supported_claim_rate,1,0,42,,,,,,,,metric unavailable in source runs
ft_rag,/lustre/mahdamld/ramin/ftm_runtime/models/Qwen3-1.7B,dashboard_v4,e2df055d0a75c25f53a88cb830a5b6d66411fa179413f352f45ca2f6873829d5,retrieval_recall_at_3,1,0,42,,,,,,,,metric unavailable in source runs
ft_rag,/lustre/mahdamld/ramin/ftm_runtime/models/Qwen3-1.7B,dashboard_v4,e2df055d0a75c25f53a88cb830a5b6d66411fa179413f352f45ca2f6873829d5,retrieval_mrr_at_3,1,0,42,,,,,,,,metric unavailable in source runs
ft_rag,/lustre/mahdamld/ramin/ftm_runtime/models/Qwen3-1.7B,dashboard_v4,e2df055d0a75c25f53a88cb830a5b6d66411fa179413f352f45ca2f6873829d5,retrieval_ndcg_at_3,1,0,42,,,,,,,,metric unavailable in source runs
ft_rag,/lustre/mahdamld/ramin/ftm_runtime/models/Qwen3-1.7B,dashboard_v4,e2df055d0a75c25f53a88cb830a5b6d66411fa179413f352f45ca2f6873829d5,retrieval_query_coverage,1,0,42,,,,,,,,metric unavailable in source runs
ft_rag,/lustre/mahdamld/ramin/ftm_runtime/models/Qwen3-1.7B,dashboard_v4,e2df055d0a75c25f53a88cb830a5b6d66411fa179413f352f45ca2f6873829d5,retrieval_top_3_support_rate,1,0,42,,,,,,,,metric unavailable in source runs
ft_rag,Qwen/Qwen3-1.7B,dashboard_v4,e2df055d0a75c25f53a88cb830a5b6d66411fa179413f352f45ca2f6873829d5,json_parse_rate,2,2,"43,44",,98.54,100.0,99.27000000000001,1.032375900532355,,,not reported for fewer than 5 independent seeds
ft_rag,Qwen/Qwen3-1.7B,dashboard_v4,e2df055d0a75c25f53a88cb830a5b6d66411fa179413f352f45ca2f6873829d5,schema_validity_rate,2,2,"43,44",,0.0,0.0,0.0,0.0,,,not reported for fewer than 5 independent seeds
ft_rag,Qwen/Qwen3-1.7B,dashboard_v4,e2df055d0a75c25f53a88cb830a5b6d66411fa179413f352f45ca2f6873829d5,encoding_object_rate,2,2,"43,44",,98.54,100.0,99.27000000000001,1.032375900532355,,,not reported for fewer than 5 independent seeds
ft_rag,Qwen/Qwen3-1.7B,dashboard_v4,e2df055d0a75c25f53a88cb830a5b6d66411fa179413f352f45ca2f6873829d5,completeness_score,2,2,"43,44",,0.9854,1.0,0.9927,0.010323759005323556,,,not reported for fewer than 5 independent seeds
ft_rag,Qwen/Qwen3-1.7B,dashboard_v4,e2df055d0a75c25f53a88cb830a5b6d66411fa179413f352f45ca2f6873829d5,top_1_accuracy,2,2,"43,44",,89.42,89.05,89.235,0.26162950903902576,,,not reported for fewer than 5 independent seeds
ft_rag,Qwen/Qwen3-1.7B,dashboard_v4,e2df055d0a75c25f53a88cb830a5b6d66411fa179413f352f45ca2f6873829d5,macro_f1,2,2,"43,44",,0.6126,0.5306,0.5716,0.05798275605729695,,,not reported for fewer than 5 independent seeds
ft_rag,Qwen/Qwen3-1.7B,dashboard_v4,e2df055d0a75c25f53a88cb830a5b6d66411fa179413f352f45ca2f6873829d5,exact_task_classification,2,2,"43,44",,89.42,88.69,89.055,0.5161879502661825,,,not reported for fewer than 5 independent seeds
ft_rag,Qwen/Qwen3-1.7B,dashboard_v4,e2df055d0a75c25f53a88cb830a5b6d66411fa179413f352f45ca2f6873829d5,exact_kpi_selection,2,2,"43,44",,98.18,100.0,99.09,1.2869343417595116,,,not reported for fewer than 5 independent seeds
ft_rag,Qwen/Qwen3-1.7B,dashboard_v4,e2df055d0a75c25f53a88cb830a5b6d66411fa179413f352f45ca2f6873829d5,exact_mapping_count,2,2,"43,44",,98.54,100.0,99.27000000000001,1.032375900532355,,,not reported for fewer than 5 independent seeds
ft_rag,Qwen/Qwen3-1.7B,dashboard_v4,e2df055d0a75c25f53a88cb830a5b6d66411fa179413f352f45ca2f6873829d5,exact_encoding,2,2,"43,44",,96.35,97.81,97.08,1.032375900532365,,,not reported for fewer than 5 independent seeds
ft_rag,Qwen/Qwen3-1.7B,dashboard_v4,e2df055d0a75c25f53a88cb830a5b6d66411fa179413f352f45ca2f6873829d5,encoding_x_accuracy,2,2,"43,44",,97.45,98.18,97.815,0.5161879502661825,,,not reported for fewer than 5 independent seeds
ft_rag,Qwen/Qwen3-1.7B,dashboard_v4,e2df055d0a75c25f53a88cb830a5b6d66411fa179413f352f45ca2f6873829d5,encoding_y_accuracy,2,2,"43,44",,98.18,99.27,98.725,0.7707463914933291,,,not reported for fewer than 5 independent seeds
ft_rag,Qwen/Qwen3-1.7B,dashboard_v4,e2df055d0a75c25f53a88cb830a5b6d66411fa179413f352f45ca2f6873829d5,encoding_aggregate_accuracy,2,2,"43,44",,97.49,100.0,98.745,1.774838020778238,,,not reported for fewer than 5 independent seeds
ft_rag,Qwen/Qwen3-1.7B,dashboard_v4,e2df055d0a75c25f53a88cb830a5b6d66411fa179413f352f45ca2f6873829d5,encoding_mapping_exact_accuracy,2,2,"43,44",,96.35,97.81,97.08,1.032375900532365,,,not reported for fewer than 5 independent seeds
ft_rag,Qwen/Qwen3-1.7B,dashboard_v4,e2df055d0a75c25f53a88cb830a5b6d66411fa179413f352f45ca2f6873829d5,exact_aggregate,2,2,"43,44",,97.81,100.0,98.905,1.5485638507985375,,,not reported for fewer than 5 independent seeds
ft_rag,Qwen/Qwen3-1.7B,dashboard_v4,e2df055d0a75c25f53a88cb830a5b6d66411fa179413f352f45ca2f6873829d5,avg_latency_ms,2,2,"43,44",,59140.8,57193.6,58167.2,1376.8783243264484,,,not reported for fewer than 5 independent seeds
ft_rag,Qwen/Qwen3-1.7B,dashboard_v4,e2df055d0a75c25f53a88cb830a5b6d66411fa179413f352f45ca2f6873829d5,paraphrase_accuracy,2,2,"43,44",,89.78,87.59,88.685,1.5485638507985375,,,not reported for fewer than 5 independent seeds
ft_rag,Qwen/Qwen3-1.7B,dashboard_v4,e2df055d0a75c25f53a88cb830a5b6d66411fa179413f352f45ca2f6873829d5,paraphrase_consistency,2,2,"43,44",,97.45,98.54,97.995,0.7707463914933392,,,not reported for fewer than 5 independent seeds
ft_rag,Qwen/Qwen3-1.7B,dashboard_v4,e2df055d0a75c25f53a88cb830a5b6d66411fa179413f352f45ca2f6873829d5,missing_info_clarification_rate,2,2,"43,44",,0.0,0.0,0.0,0.0,,,not reported for fewer than 5 independent seeds
ft_rag,Qwen/Qwen3-1.7B,dashboard_v4,e2df055d0a75c25f53a88cb830a5b6d66411fa179413f352f45ca2f6873829d5,missing_info_schema_rate,2,2,"43,44",,98.91,100.0,99.455,0.7707463914933392,,,not reported for fewer than 5 independent seeds
ft_rag,Qwen/Qwen3-1.7B,dashboard_v4,e2df055d0a75c25f53a88cb830a5b6d66411fa179413f352f45ca2f6873829d5,supported_claim_rate,2,2,"43,44",,31.48,31.2,31.34,0.1979898987322341,,,not reported for fewer than 5 independent seeds
ft_rag,Qwen/Qwen3-1.7B,dashboard_v4,e2df055d0a75c25f53a88cb830a5b6d66411fa179413f352f45ca2f6873829d5,retrieval_recall_at_3,2,0,"43,44",,,,,,,,metric unavailable in source runs
ft_rag,Qwen/Qwen3-1.7B,dashboard_v4,e2df055d0a75c25f53a88cb830a5b6d66411fa179413f352f45ca2f6873829d5,retrieval_mrr_at_3,2,0,"43,44",,,,,,,,metric unavailable in source runs
ft_rag,Qwen/Qwen3-1.7B,dashboard_v4,e2df055d0a75c25f53a88cb830a5b6d66411fa179413f352f45ca2f6873829d5,retrieval_ndcg_at_3,2,0,"43,44",,,,,,,,metric unavailable in source runs
ft_rag,Qwen/Qwen3-1.7B,dashboard_v4,e2df055d0a75c25f53a88cb830a5b6d66411fa179413f352f45ca2f6873829d5,retrieval_query_coverage,2,0,"43,44",,,,,,,,metric unavailable in source runs
ft_rag,Qwen/Qwen3-1.7B,dashboard_v4,e2df055d0a75c25f53a88cb830a5b6d66411fa179413f352f45ca2f6873829d5,retrieval_top_3_support_rate,2,0,"43,44",,,,,,,,metric unavailable in source runs
ft_rag,Qwen/Qwen3-8B,dashboard_v4,e2df055d0a75c25f53a88cb830a5b6d66411fa179413f352f45ca2f6873829d5,json_parse_rate,1,1,42,74.09,,,74.09,,,,not reported for fewer than 5 independent seeds
ft_rag,Qwen/Qwen3-8B,dashboard_v4,e2df055d0a75c25f53a88cb830a5b6d66411fa179413f352f45ca2f6873829d5,schema_validity_rate,1,1,42,0.0,,,0.0,,,,not reported for fewer than 5 independent seeds
ft_rag,Qwen/Qwen3-8B,dashboard_v4,e2df055d0a75c25f53a88cb830a5b6d66411fa179413f352f45ca2f6873829d5,encoding_object_rate,1,1,42,74.09,,,74.09,,,,not reported for fewer than 5 independent seeds
ft_rag,Qwen/Qwen3-8B,dashboard_v4,e2df055d0a75c25f53a88cb830a5b6d66411fa179413f352f45ca2f6873829d5,completeness_score,1,1,42,0.7409,,,0.7409,,,,not reported for fewer than 5 independent seeds
ft_rag,Qwen/Qwen3-8B,dashboard_v4,e2df055d0a75c25f53a88cb830a5b6d66411fa179413f352f45ca2f6873829d5,top_1_accuracy,1,1,42,58.39,,,58.39,,,,not reported for fewer than 5 independent seeds
ft_rag,Qwen/Qwen3-8B,dashboard_v4,e2df055d0a75c25f53a88cb830a5b6d66411fa179413f352f45ca2f6873829d5,macro_f1,1,1,42,0.3105,,,0.3105,,,,not reported for fewer than 5 independent seeds
ft_rag,Qwen/Qwen3-8B,dashboard_v4,e2df055d0a75c25f53a88cb830a5b6d66411fa179413f352f45ca2f6873829d5,exact_task_classification,1,1,42,68.98,,,68.98,,,,not reported for fewer than 5 independent seeds
ft_rag,Qwen/Qwen3-8B,dashboard_v4,e2df055d0a75c25f53a88cb830a5b6d66411fa179413f352f45ca2f6873829d5,exact_kpi_selection,1,1,42,72.99,,,72.99,,,,not reported for fewer than 5 independent seeds
ft_rag,Qwen/Qwen3-8B,dashboard_v4,e2df055d0a75c25f53a88cb830a5b6d66411fa179413f352f45ca2f6873829d5,exact_mapping_count,1,1,42,73.72,,,73.72,,,,not reported for fewer than 5 independent seeds
ft_rag,Qwen/Qwen3-8B,dashboard_v4,e2df055d0a75c25f53a88cb830a5b6d66411fa179413f352f45ca2f6873829d5,exact_encoding,1,1,42,71.17,,,71.17,,,,not reported for fewer than 5 independent seeds
ft_rag,Qwen/Qwen3-8B,dashboard_v4,e2df055d0a75c25f53a88cb830a5b6d66411fa179413f352f45ca2f6873829d5,encoding_x_accuracy,1,1,42,71.9,,,71.9,,,,not reported for fewer than 5 independent seeds
ft_rag,Qwen/Qwen3-8B,dashboard_v4,e2df055d0a75c25f53a88cb830a5b6d66411fa179413f352f45ca2f6873829d5,encoding_y_accuracy,1,1,42,72.26,,,72.26,,,,not reported for fewer than 5 independent seeds
ft_rag,Qwen/Qwen3-8B,dashboard_v4,e2df055d0a75c25f53a88cb830a5b6d66411fa179413f352f45ca2f6873829d5,encoding_aggregate_accuracy,1,1,42,71.13,,,71.13,,,,not reported for fewer than 5 independent seeds
ft_rag,Qwen/Qwen3-8B,dashboard_v4,e2df055d0a75c25f53a88cb830a5b6d66411fa179413f352f45ca2f6873829d5,encoding_mapping_exact_accuracy,1,1,42,71.17,,,71.17,,,,not reported for fewer than 5 independent seeds
ft_rag,Qwen/Qwen3-8B,dashboard_v4,e2df055d0a75c25f53a88cb830a5b6d66411fa179413f352f45ca2f6873829d5,exact_aggregate,1,1,42,72.99,,,72.99,,,,not reported for fewer than 5 independent seeds
ft_rag,Qwen/Qwen3-8B,dashboard_v4,e2df055d0a75c25f53a88cb830a5b6d66411fa179413f352f45ca2f6873829d5,avg_latency_ms,1,1,42,23054.5,,,23054.5,,,,not reported for fewer than 5 independent seeds
ft_rag,Qwen/Qwen3-8B,dashboard_v4,e2df055d0a75c25f53a88cb830a5b6d66411fa179413f352f45ca2f6873829d5,paraphrase_accuracy,1,1,42,58.39,,,58.39,,,,not reported for fewer than 5 independent seeds
ft_rag,Qwen/Qwen3-8B,dashboard_v4,e2df055d0a75c25f53a88cb830a5b6d66411fa179413f352f45ca2f6873829d5,paraphrase_consistency,1,1,42,69.34,,,69.34,,,,not reported for fewer than 5 independent seeds
ft_rag,Qwen/Qwen3-8B,dashboard_v4,e2df055d0a75c25f53a88cb830a5b6d66411fa179413f352f45ca2f6873829d5,missing_info_clarification_rate,1,1,42,0.0,,,0.0,,,,not reported for fewer than 5 independent seeds
ft_rag,Qwen/Qwen3-8B,dashboard_v4,e2df055d0a75c25f53a88cb830a5b6d66411fa179413f352f45ca2f6873829d5,missing_info_schema_rate,1,1,42,78.1,,,78.1,,,,not reported for fewer than 5 independent seeds
ft_rag,Qwen/Qwen3-8B,dashboard_v4,e2df055d0a75c25f53a88cb830a5b6d66411fa179413f352f45ca2f6873829d5,supported_claim_rate,1,1,42,57.64,,,57.64,,,,not reported for fewer than 5 independent seeds
ft_rag,Qwen/Qwen3-8B,dashboard_v4,e2df055d0a75c25f53a88cb830a5b6d66411fa179413f352f45ca2f6873829d5,retrieval_recall_at_3,1,0,42,,,,,,,,metric unavailable in source runs
ft_rag,Qwen/Qwen3-8B,dashboard_v4,e2df055d0a75c25f53a88cb830a5b6d66411fa179413f352f45ca2f6873829d5,retrieval_mrr_at_3,1,0,42,,,,,,,,metric unavailable in source runs
ft_rag,Qwen/Qwen3-8B,dashboard_v4,e2df055d0a75c25f53a88cb830a5b6d66411fa179413f352f45ca2f6873829d5,retrieval_ndcg_at_3,1,0,42,,,,,,,,metric unavailable in source runs
ft_rag,Qwen/Qwen3-8B,dashboard_v4,e2df055d0a75c25f53a88cb830a5b6d66411fa179413f352f45ca2f6873829d5,retrieval_query_coverage,1,0,42,,,,,,,,metric unavailable in source runs
ft_rag,Qwen/Qwen3-8B,dashboard_v4,e2df055d0a75c25f53a88cb830a5b6d66411fa179413f352f45ca2f6873829d5,retrieval_top_3_support_rate,1,0,42,,,,,,,,metric unavailable in source runs
ft_rag,Qwen/Qwen3.8-27B,dashboard_v4,e2df055d0a75c25f53a88cb830a5b6d66411fa179413f352f45ca2f6873829d5,json_parse_rate,1,1,42,100.0,,,100.0,,,,not reported for fewer than 5 independent seeds
ft_rag,Qwen/Qwen3.8-27B,dashboard_v4,e2df055d0a75c25f53a88cb830a5b6d66411fa179413f352f45ca2f6873829d5,schema_validity_rate,1,1,42,0.0,,,0.0,,,,not reported for fewer than 5 independent seeds
ft_rag,Qwen/Qwen3.8-27B,dashboard_v4,e2df055d0a75c25f53a88cb830a5b6d66411fa179413f352f45ca2f6873829d5,encoding_object_rate,1,1,42,100.0,,,100.0,,,,not reported for fewer than 5 independent seeds
ft_rag,Qwen/Qwen3.8-27B,dashboard_v4,e2df055d0a75c25f53a88cb830a5b6d66411fa179413f352f45ca2f6873829d5,completeness_score,1,1,42,1.0,,,1.0,,,,not reported for fewer than 5 independent seeds
ft_rag,Qwen/Qwen3.8-27B,dashboard_v4,e2df055d0a75c25f53a88cb830a5b6d66411fa179413f352f45ca2f6873829d5,top_1_accuracy,1,1,42,97.45,,,97.45,,,,not reported for fewer than 5 independent seeds
ft_rag,Qwen/Qwen3.8-27B,dashboard_v4,e2df055d0a75c25f53a88cb830a5b6d66411fa179413f352f45ca2f6873829d5,macro_f1,1,1,42,0.7888,,,0.7888,,,,not reported for fewer than 5 independent seeds
ft_rag,Qwen/Qwen3.8-27B,dashboard_v4,e2df055d0a75c25f53a88cb830a5b6d66411fa179413f352f45ca2f6873829d5,exact_task_classification,1,1,42,97.45,,,97.45,,,,not reported for fewer than 5 independent seeds
ft_rag,Qwen/Qwen3.8-27B,dashboard_v4,e2df055d0a75c25f53a88cb830a5b6d66411fa179413f352f45ca2f6873829d5,exact_kpi_selection,1,1,42,100.0,,,100.0,,,,not reported for fewer than 5 independent seeds
ft_rag,Qwen/Qwen3.8-27B,dashboard_v4,e2df055d0a75c25f53a88cb830a5b6d66411fa179413f352f45ca2f6873829d5,exact_mapping_count,1,1,42,100.0,,,100.0,,,,not reported for fewer than 5 independent seeds
ft_rag,Qwen/Qwen3.8-27B,dashboard_v4,e2df055d0a75c25f53a88cb830a5b6d66411fa179413f352f45ca2f6873829d5,exact_encoding,1,1,42,97.81,,,97.81,,,,not reported for fewer than 5 independent seeds
ft_rag,Qwen/Qwen3.8-27B,dashboard_v4,e2df055d0a75c25f53a88cb830a5b6d66411fa179413f352f45ca2f6873829d5,encoding_x_accuracy,1,1,42,97.81,,,97.81,,,,not reported for fewer than 5 independent seeds
ft_rag,Qwen/Qwen3.8-27B,dashboard_v4,e2df055d0a75c25f53a88cb830a5b6d66411fa179413f352f45ca2f6873829d5,encoding_y_accuracy,1,1,42,99.64,,,99.64,,,,not reported for fewer than 5 independent seeds
ft_rag,Qwen/Qwen3.8-27B,dashboard_v4,e2df055d0a75c25f53a88cb830a5b6d66411fa179413f352f45ca2f6873829d5,encoding_aggregate_accuracy,1,1,42,100.0,,,100.0,,,,not reported for fewer than 5 independent seeds
ft_rag,Qwen/Qwen3.8-27B,dashboard_v4,e2df055d0a75c25f53a88cb830a5b6d66411fa179413f352f45ca2f6873829d5,encoding_mapping_exact_accuracy,1,1,42,97.81,,,97.81,,,,not reported for fewer than 5 independent seeds
ft_rag,Qwen/Qwen3.8-27B,dashboard_v4,e2df055d0a75c25f53a88cb830a5b6d66411fa179413f352f45ca2f6873829d5,exact_aggregate,1,1,42,100.0,,,100.0,,,,not reported for fewer than 5 independent seeds
ft_rag,Qwen/Qwen3.8-27B,dashboard_v4,e2df055d0a75c25f53a88cb830a5b6d66411fa179413f352f45ca2f6873829d5,avg_latency_ms,1,1,42,81338.8,,,81338.8,,,,not reported for fewer than 5 independent seeds
ft_rag,Qwen/Qwen3.8-27B,dashboard_v4,e2df055d0a75c25f53a88cb830a5b6d66411fa179413f352f45ca2f6873829d5,paraphrase_accuracy,1,1,42,97.45,,,97.45,,,,not reported for fewer than 5 independent seeds
ft_rag,Qwen/Qwen3.8-27B,dashboard_v4,e2df055d0a75c25f53a88cb830a5b6d66411fa179413f352f45ca2f6873829d5,paraphrase_consistency,1,1,42,100.0,,,100.0,,,,not reported for fewer than 5 independent seeds
ft_rag,Qwen/Qwen3.8-27B,dashboard_v4,e2df055d0a75c25f53a88cb830a5b6d66411fa179413f352f45ca2f6873829d5,missing_info_clarification_rate,1,1,42,0.0,,,0.0,,,,not reported for fewer than 5 independent seeds
ft_rag,Qwen/Qwen3.8-27B,dashboard_v4,e2df055d0a75c25f53a88cb830a5b6d66411fa179413f352f45ca2f6873829d5,missing_info_schema_rate,1,1,42,100.0,,,100.0,,,,not reported for fewer than 5 independent seeds
ft_rag,Qwen/Qwen3.8-27B,dashboard_v4,e2df055d0a75c25f53a88cb830a5b6d66411fa179413f352f45ca2f6873829d5,supported_claim_rate,1,1,42,48.33,,,48.33,,,,not reported for fewer than 5 independent seeds
ft_rag,Qwen/Qwen3.8-27B,dashboard_v4,e2df055d0a75c25f53a88cb830a5b6d66411fa179413f352f45ca2f6873829d5,retrieval_recall_at_3,1,0,42,,,,,,,,metric unavailable in source runs
ft_rag,Qwen/Qwen3.8-27B,dashboard_v4,e2df055d0a75c25f53a88cb830a5b6d66411fa179413f352f45ca2f6873829d5,retrieval_mrr_at_3,1,0,42,,,,,,,,metric unavailable in source runs
ft_rag,Qwen/Qwen3.8-27B,dashboard_v4,e2df055d0a75c25f53a88cb830a5b6d66411fa179413f352f45ca2f6873829d5,retrieval_ndcg_at_3,1,0,42,,,,,,,,metric unavailable in source runs
ft_rag,Qwen/Qwen3.8-27B,dashboard_v4,e2df055d0a75c25f53a88cb830a5b6d66411fa179413f352f45ca2f6873829d5,retrieval_query_coverage,1,0,42,,,,,,,,metric unavailable in source runs
ft_rag,Qwen/Qwen3.8-27B,dashboard_v4,e2df055d0a75c25f53a88cb830a5b6d66411fa179413f352f45ca2f6873829d5,retrieval_top_3_support_rate,1,0,42,,,,,,,,metric unavailable in source runs
ft_rag,allenai/OLMo-2-0425-1B-Instruct,dashboard_v4,e2df055d0a75c25f53a88cb830a5b6d66411fa179413f352f45ca2f6873829d5,json_parse_rate,3,3,"42,43,44",1.09,2.55,3.28,2.3066666666666666,1.115093419105921,,,not reported for fewer than 5 independent seeds
ft_rag,allenai/OLMo-2-0425-1B-Instruct,dashboard_v4,e2df055d0a75c25f53a88cb830a5b6d66411fa179413f352f45ca2f6873829d5,schema_validity_rate,3,3,"42,43,44",0.0,0.0,0.0,0.0,0.0,,,not reported for fewer than 5 independent seeds
ft_rag,allenai/OLMo-2-0425-1B-Instruct,dashboard_v4,e2df055d0a75c25f53a88cb830a5b6d66411fa179413f352f45ca2f6873829d5,encoding_object_rate,3,3,"42,43,44",1.09,2.55,3.28,2.3066666666666666,1.115093419105921,,,not reported for fewer than 5 independent seeds
ft_rag,allenai/OLMo-2-0425-1B-Instruct,dashboard_v4,e2df055d0a75c25f53a88cb830a5b6d66411fa179413f352f45ca2f6873829d5,completeness_score,3,3,"42,43,44",0.0109,0.0255,0.0328,0.02306666666666667,0.011150934191059211,,,not reported for fewer than 5 independent seeds
ft_rag,allenai/OLMo-2-0425-1B-Instruct,dashboard_v4,e2df055d0a75c25f53a88cb830a5b6d66411fa179413f352f45ca2f6873829d5,top_1_accuracy,3,3,"42,43,44",0.73,2.19,2.92,1.9466666666666665,1.1150934191059212,,,not reported for fewer than 5 independent seeds
ft_rag,allenai/OLMo-2-0425-1B-Instruct,dashboard_v4,e2df055d0a75c25f53a88cb830a5b6d66411fa179413f352f45ca2f6873829d5,macro_f1,3,3,"42,43,44",0.0106,0.0168,0.0269,0.0181,0.008227393268830657,,,not reported for fewer than 5 independent seeds
ft_rag,allenai/OLMo-2-0425-1B-Instruct,dashboard_v4,e2df055d0a75c25f53a88cb830a5b6d66411fa179413f352f45ca2f6873829d5,exact_task_classification,3,3,"42,43,44",1.09,2.19,2.55,1.9433333333333334,0.7606137872358961,,,not reported for fewer than 5 independent seeds
ft_rag,allenai/OLMo-2-0425-1B-Instruct,dashboard_v4,e2df055d0a75c25f53a88cb830a5b6d66411fa179413f352f45ca2f6873829d5,exact_kpi_selection,3,3,"42,43,44",1.09,2.55,3.28,2.3066666666666666,1.115093419105921,,,not reported for fewer than 5 independent seeds
ft_rag,allenai/OLMo-2-0425-1B-Instruct,dashboard_v4,e2df055d0a75c25f53a88cb830a5b6d66411fa179413f352f45ca2f6873829d5,exact_mapping_count,3,3,"42,43,44",1.09,2.55,3.28,2.3066666666666666,1.115093419105921,,,not reported for fewer than 5 independent seeds
ft_rag,allenai/OLMo-2-0425-1B-Instruct,dashboard_v4,e2df055d0a75c25f53a88cb830a5b6d66411fa179413f352f45ca2f6873829d5,exact_encoding,3,3,"42,43,44",1.09,2.55,3.28,2.3066666666666666,1.115093419105921,,,not reported for fewer than 5 independent seeds
ft_rag,allenai/OLMo-2-0425-1B-Instruct,dashboard_v4,e2df055d0a75c25f53a88cb830a5b6d66411fa179413f352f45ca2f6873829d5,encoding_x_accuracy,3,3,"42,43,44",1.09,2.55,3.28,2.3066666666666666,1.115093419105921,,,not reported for fewer than 5 independent seeds
ft_rag,allenai/OLMo-2-0425-1B-Instruct,dashboard_v4,e2df055d0a75c25f53a88cb830a5b6d66411fa179413f352f45ca2f6873829d5,encoding_y_accuracy,3,3,"42,43,44",1.09,2.55,3.28,2.3066666666666666,1.115093419105921,,,not reported for fewer than 5 independent seeds
ft_rag,allenai/OLMo-2-0425-1B-Instruct,dashboard_v4,e2df055d0a75c25f53a88cb830a5b6d66411fa179413f352f45ca2f6873829d5,encoding_aggregate_accuracy,3,3,"42,43,44",0.42,0.84,1.26,0.84,0.42,,,not reported for fewer than 5 independent seeds
ft_rag,allenai/OLMo-2-0425-1B-Instruct,dashboard_v4,e2df055d0a75c25f53a88cb830a5b6d66411fa179413f352f45ca2f6873829d5,encoding_mapping_exact_accuracy,3,3,"42,43,44",1.09,2.55,3.28,2.3066666666666666,1.115093419105921,,,not reported for fewer than 5 independent seeds
ft_rag,allenai/OLMo-2-0425-1B-Instruct,dashboard_v4,e2df055d0a75c25f53a88cb830a5b6d66411fa179413f352f45ca2f6873829d5,exact_aggregate,3,3,"42,43,44",1.09,2.19,3.28,2.186666666666667,1.0950038051684263,,,not reported for fewer than 5 independent seeds
ft_rag,allenai/OLMo-2-0425-1B-Instruct,dashboard_v4,e2df055d0a75c25f53a88cb830a5b6d66411fa179413f352f45ca2f6873829d5,avg_latency_ms,3,3,"42,43,44",13838.0,12013.7,13389.9,13080.533333333333,950.6831350840996,,,not reported for fewer than 5 independent seeds
ft_rag,allenai/OLMo-2-0425-1B-Instruct,dashboard_v4,e2df055d0a75c25f53a88cb830a5b6d66411fa179413f352f45ca2f6873829d5,paraphrase_accuracy,3,3,"42,43,44",1.46,2.19,2.19,1.9466666666666665,0.4214656965084268,,,not reported for fewer than 5 independent seeds
ft_rag,allenai/OLMo-2-0425-1B-Instruct,dashboard_v4,e2df055d0a75c25f53a88cb830a5b6d66411fa179413f352f45ca2f6873829d5,paraphrase_consistency,3,3,"42,43,44",1.09,2.19,2.55,1.9433333333333334,0.7606137872358961,,,not reported for fewer than 5 independent seeds
ft_rag,allenai/OLMo-2-0425-1B-Instruct,dashboard_v4,e2df055d0a75c25f53a88cb830a5b6d66411fa179413f352f45ca2f6873829d5,missing_info_clarification_rate,3,3,"42,43,44",0.0,0.0,0.0,0.0,0.0,,,not reported for fewer than 5 independent seeds
ft_rag,allenai/OLMo-2-0425-1B-Instruct,dashboard_v4,e2df055d0a75c25f53a88cb830a5b6d66411fa179413f352f45ca2f6873829d5,missing_info_schema_rate,3,3,"42,43,44",2.19,2.19,2.19,2.19,0.0,,,not reported for fewer than 5 independent seeds
ft_rag,allenai/OLMo-2-0425-1B-Instruct,dashboard_v4,e2df055d0a75c25f53a88cb830a5b6d66411fa179413f352f45ca2f6873829d5,supported_claim_rate,3,3,"42,43,44",100.0,28.57,44.44,57.669999999999995,37.50781118647154,,,not reported for fewer than 5 independent seeds
ft_rag,allenai/OLMo-2-0425-1B-Instruct,dashboard_v4,e2df055d0a75c25f53a88cb830a5b6d66411fa179413f352f45ca2f6873829d5,retrieval_recall_at_3,3,0,"42,43,44",,,,,,,,metric unavailable in source runs
ft_rag,allenai/OLMo-2-0425-1B-Instruct,dashboard_v4,e2df055d0a75c25f53a88cb830a5b6d66411fa179413f352f45ca2f6873829d5,retrieval_mrr_at_3,3,0,"42,43,44",,,,,,,,metric unavailable in source runs
ft_rag,allenai/OLMo-2-0425-1B-Instruct,dashboard_v4,e2df055d0a75c25f53a88cb830a5b6d66411fa179413f352f45ca2f6873829d5,retrieval_ndcg_at_3,3,0,"42,43,44",,,,,,,,metric unavailable in source runs
ft_rag,allenai/OLMo-2-0425-1B-Instruct,dashboard_v4,e2df055d0a75c25f53a88cb830a5b6d66411fa179413f352f45ca2f6873829d5,retrieval_query_coverage,3,0,"42,43,44",,,,,,,,metric unavailable in source runs
ft_rag,allenai/OLMo-2-0425-1B-Instruct,dashboard_v4,e2df055d0a75c25f53a88cb830a5b6d66411fa179413f352f45ca2f6873829d5,retrieval_top_3_support_rate,3,0,"42,43,44",,,,,,,,metric unavailable in source runs
prompt_only,/lustre/mahdamld/ramin/ftm_runtime/hf-cache/models--allenai--OLMo-2-0425-1B-Instruct/snapshots/48d788eca847d4d7548f375ad03d3c9312f6139e,dashboard_v4,e2df055d0a75c25f53a88cb830a5b6d66411fa179413f352f45ca2f6873829d5,json_parse_rate,2,2,"43,44",,32.85,32.12,32.485,0.5161879502661825,,,not reported for fewer than 5 independent seeds
prompt_only,/lustre/mahdamld/ramin/ftm_runtime/hf-cache/models--allenai--OLMo-2-0425-1B-Instruct/snapshots/48d788eca847d4d7548f375ad03d3c9312f6139e,dashboard_v4,e2df055d0a75c25f53a88cb830a5b6d66411fa179413f352f45ca2f6873829d5,schema_validity_rate,2,2,"43,44",,0.0,0.0,0.0,0.0,,,not reported for fewer than 5 independent seeds
prompt_only,/lustre/mahdamld/ramin/ftm_runtime/hf-cache/models--allenai--OLMo-2-0425-1B-Instruct/snapshots/48d788eca847d4d7548f375ad03d3c9312f6139e,dashboard_v4,e2df055d0a75c25f53a88cb830a5b6d66411fa179413f352f45ca2f6873829d5,encoding_object_rate,2,0,"43,44",,,,,,,,metric unavailable in source runs
prompt_only,/lustre/mahdamld/ramin/ftm_runtime/hf-cache/models--allenai--OLMo-2-0425-1B-Instruct/snapshots/48d788eca847d4d7548f375ad03d3c9312f6139e,dashboard_v4,e2df055d0a75c25f53a88cb830a5b6d66411fa179413f352f45ca2f6873829d5,completeness_score,2,2,"43,44",,0.2646,0.2573,0.26095,0.005161879502661817,,,not reported for fewer than 5 independent seeds
prompt_only,/lustre/mahdamld/ramin/ftm_runtime/hf-cache/models--allenai--OLMo-2-0425-1B-Instruct/snapshots/48d788eca847d4d7548f375ad03d3c9312f6139e,dashboard_v4,e2df055d0a75c25f53a88cb830a5b6d66411fa179413f352f45ca2f6873829d5,top_1_accuracy,2,2,"43,44",,6.93,5.11,6.02,1.286934341759516,,,not reported for fewer than 5 independent seeds
prompt_only,/lustre/mahdamld/ramin/ftm_runtime/hf-cache/models--allenai--OLMo-2-0425-1B-Instruct/snapshots/48d788eca847d4d7548f375ad03d3c9312f6139e,dashboard_v4,e2df055d0a75c25f53a88cb830a5b6d66411fa179413f352f45ca2f6873829d5,macro_f1,2,2,"43,44",,0.0791,0.0179,0.0485,0.04327493500861671,,,not reported for fewer than 5 independent seeds
prompt_only,/lustre/mahdamld/ramin/ftm_runtime/hf-cache/models--allenai--OLMo-2-0425-1B-Instruct/snapshots/48d788eca847d4d7548f375ad03d3c9312f6139e,dashboard_v4,e2df055d0a75c25f53a88cb830a5b6d66411fa179413f352f45ca2f6873829d5,exact_task_classification,2,2,"43,44",,4.38,4.01,4.195,0.26162950903902266,,,not reported for fewer than 5 independent seeds
prompt_only,/lustre/mahdamld/ramin/ftm_runtime/hf-cache/models--allenai--OLMo-2-0425-1B-Instruct/snapshots/48d788eca847d4d7548f375ad03d3c9312f6139e,dashboard_v4,e2df055d0a75c25f53a88cb830a5b6d66411fa179413f352f45ca2f6873829d5,exact_kpi_selection,2,2,"43,44",,4.01,4.38,4.195,0.26162950903902266,,,not reported for fewer than 5 independent seeds
prompt_only,/lustre/mahdamld/ramin/ftm_runtime/hf-cache/models--allenai--OLMo-2-0425-1B-Instruct/snapshots/48d788eca847d4d7548f375ad03d3c9312f6139e,dashboard_v4,e2df055d0a75c25f53a88cb830a5b6d66411fa179413f352f45ca2f6873829d5,exact_mapping_count,2,2,"43,44",,6.2,5.47,5.835,0.51618795026618,,,not reported for fewer than 5 independent seeds
prompt_only,/lustre/mahdamld/ramin/ftm_runtime/hf-cache/models--allenai--OLMo-2-0425-1B-Instruct/snapshots/48d788eca847d4d7548f375ad03d3c9312f6139e,dashboard_v4,e2df055d0a75c25f53a88cb830a5b6d66411fa179413f352f45ca2f6873829d5,exact_encoding,2,2,"43,44",,0.0,0.0,0.0,0.0,,,not reported for fewer than 5 independent seeds
prompt_only,/lustre/mahdamld/ramin/ftm_runtime/hf-cache/models--allenai--OLMo-2-0425-1B-Instruct/snapshots/48d788eca847d4d7548f375ad03d3c9312f6139e,dashboard_v4,e2df055d0a75c25f53a88cb830a5b6d66411fa179413f352f45ca2f6873829d5,encoding_x_accuracy,2,0,"43,44",,,,,,,,metric unavailable in source runs
prompt_only,/lustre/mahdamld/ramin/ftm_runtime/hf-cache/models--allenai--OLMo-2-0425-1B-Instruct/snapshots/48d788eca847d4d7548f375ad03d3c9312f6139e,dashboard_v4,e2df055d0a75c25f53a88cb830a5b6d66411fa179413f352f45ca2f6873829d5,encoding_y_accuracy,2,0,"43,44",,,,,,,,metric unavailable in source runs
prompt_only,/lustre/mahdamld/ramin/ftm_runtime/hf-cache/models--allenai--OLMo-2-0425-1B-Instruct/snapshots/48d788eca847d4d7548f375ad03d3c9312f6139e,dashboard_v4,e2df055d0a75c25f53a88cb830a5b6d66411fa179413f352f45ca2f6873829d5,encoding_aggregate_accuracy,2,0,"43,44",,,,,,,,metric unavailable in source runs
prompt_only,/lustre/mahdamld/ramin/ftm_runtime/hf-cache/models--allenai--OLMo-2-0425-1B-Instruct/snapshots/48d788eca847d4d7548f375ad03d3c9312f6139e,dashboard_v4,e2df055d0a75c25f53a88cb830a5b6d66411fa179413f352f45ca2f6873829d5,encoding_mapping_exact_accuracy,2,0,"43,44",,,,,,,,metric unavailable in source runs
prompt_only,/lustre/mahdamld/ramin/ftm_runtime/hf-cache/models--allenai--OLMo-2-0425-1B-Instruct/snapshots/48d788eca847d4d7548f375ad03d3c9312f6139e,dashboard_v4,e2df055d0a75c25f53a88cb830a5b6d66411fa179413f352f45ca2f6873829d5,exact_aggregate,2,2,"43,44",,0.0,0.0,0.0,0.0,,,not reported for fewer than 5 independent seeds
prompt_only,/lustre/mahdamld/ramin/ftm_runtime/hf-cache/models--allenai--OLMo-2-0425-1B-Instruct/snapshots/48d788eca847d4d7548f375ad03d3c9312f6139e,dashboard_v4,e2df055d0a75c25f53a88cb830a5b6d66411fa179413f352f45ca2f6873829d5,avg_latency_ms,2,2,"43,44",,4890.6,4823.5,4857.05,47.4468650176176,,,not reported for fewer than 5 independent seeds
prompt_only,/lustre/mahdamld/ramin/ftm_runtime/hf-cache/models--allenai--OLMo-2-0425-1B-Instruct/snapshots/48d788eca847d4d7548f375ad03d3c9312f6139e,dashboard_v4,e2df055d0a75c25f53a88cb830a5b6d66411fa179413f352f45ca2f6873829d5,paraphrase_accuracy,2,2,"43,44",,4.38,6.2,5.29,1.2869343417595167,,,not reported for fewer than 5 independent seeds
prompt_only,/lustre/mahdamld/ramin/ftm_runtime/hf-cache/models--allenai--OLMo-2-0425-1B-Instruct/snapshots/48d788eca847d4d7548f375ad03d3c9312f6139e,dashboard_v4,e2df055d0a75c25f53a88cb830a5b6d66411fa179413f352f45ca2f6873829d5,paraphrase_consistency,2,2,"43,44",,2.19,2.92,2.5549999999999997,0.5161879502661797,,,not reported for fewer than 5 independent seeds
prompt_only,/lustre/mahdamld/ramin/ftm_runtime/hf-cache/models--allenai--OLMo-2-0425-1B-Instruct/snapshots/48d788eca847d4d7548f375ad03d3c9312f6139e,dashboard_v4,e2df055d0a75c25f53a88cb830a5b6d66411fa179413f352f45ca2f6873829d5,missing_info_clarification_rate,2,2,"43,44",,2.92,2.55,2.735,0.26162950903902266,,,not reported for fewer than 5 independent seeds
prompt_only,/lustre/mahdamld/ramin/ftm_runtime/hf-cache/models--allenai--OLMo-2-0425-1B-Instruct/snapshots/48d788eca847d4d7548f375ad03d3c9312f6139e,dashboard_v4,e2df055d0a75c25f53a88cb830a5b6d66411fa179413f352f45ca2f6873829d5,missing_info_schema_rate,2,2,"43,44",,27.74,23.36,25.549999999999997,3.0971277015970773,,,not reported for fewer than 5 independent seeds
prompt_only,/lustre/mahdamld/ramin/ftm_runtime/hf-cache/models--allenai--OLMo-2-0425-1B-Instruct/snapshots/48d788eca847d4d7548f375ad03d3c9312f6139e,dashboard_v4,e2df055d0a75c25f53a88cb830a5b6d66411fa179413f352f45ca2f6873829d5,supported_claim_rate,2,0,"43,44",,,,,,,,metric unavailable in source runs
prompt_only,/lustre/mahdamld/ramin/ftm_runtime/hf-cache/models--allenai--OLMo-2-0425-1B-Instruct/snapshots/48d788eca847d4d7548f375ad03d3c9312f6139e,dashboard_v4,e2df055d0a75c25f53a88cb830a5b6d66411fa179413f352f45ca2f6873829d5,retrieval_recall_at_3,2,0,"43,44",,,,,,,,metric unavailable in source runs
prompt_only,/lustre/mahdamld/ramin/ftm_runtime/hf-cache/models--allenai--OLMo-2-0425-1B-Instruct/snapshots/48d788eca847d4d7548f375ad03d3c9312f6139e,dashboard_v4,e2df055d0a75c25f53a88cb830a5b6d66411fa179413f352f45ca2f6873829d5,retrieval_mrr_at_3,2,0,"43,44",,,,,,,,metric unavailable in source runs
prompt_only,/lustre/mahdamld/ramin/ftm_runtime/hf-cache/models--allenai--OLMo-2-0425-1B-Instruct/snapshots/48d788eca847d4d7548f375ad03d3c9312f6139e,dashboard_v4,e2df055d0a75c25f53a88cb830a5b6d66411fa179413f352f45ca2f6873829d5,retrieval_ndcg_at_3,2,0,"43,44",,,,,,,,metric unavailable in source runs
prompt_only,/lustre/mahdamld/ramin/ftm_runtime/hf-cache/models--allenai--OLMo-2-0425-1B-Instruct/snapshots/48d788eca847d4d7548f375ad03d3c9312f6139e,dashboard_v4,e2df055d0a75c25f53a88cb830a5b6d66411fa179413f352f45ca2f6873829d5,retrieval_query_coverage,2,0,"43,44",,,,,,,,metric unavailable in source runs
prompt_only,/lustre/mahdamld/ramin/ftm_runtime/hf-cache/models--allenai--OLMo-2-0425-1B-Instruct/snapshots/48d788eca847d4d7548f375ad03d3c9312f6139e,dashboard_v4,e2df055d0a75c25f53a88cb830a5b6d66411fa179413f352f45ca2f6873829d5,retrieval_top_3_support_rate,2,0,"43,44",,,,,,,,metric unavailable in source runs
prompt_only,/lustre/mahdamld/ramin/ftm_runtime/models/Qwen3-1.7B,dashboard_v4,e2df055d0a75c25f53a88cb830a5b6d66411fa179413f352f45ca2f6873829d5,json_parse_rate,3,3,"42,43,44",99.64,100.0,100.0,99.88,0.20784609690826494,,,not reported for fewer than 5 independent seeds
prompt_only,/lustre/mahdamld/ramin/ftm_runtime/models/Qwen3-1.7B,dashboard_v4,e2df055d0a75c25f53a88cb830a5b6d66411fa179413f352f45ca2f6873829d5,schema_validity_rate,3,3,"42,43,44",0.36,0.0,0.36,0.24,0.20784609690826528,,,not reported for fewer than 5 independent seeds
prompt_only,/lustre/mahdamld/ramin/ftm_runtime/models/Qwen3-1.7B,dashboard_v4,e2df055d0a75c25f53a88cb830a5b6d66411fa179413f352f45ca2f6873829d5,encoding_object_rate,3,0,"42,43,44",,,,,,,,metric unavailable in source runs
prompt_only,/lustre/mahdamld/ramin/ftm_runtime/models/Qwen3-1.7B,dashboard_v4,e2df055d0a75c25f53a88cb830a5b6d66411fa179413f352f45ca2f6873829d5,completeness_score,3,3,"42,43,44",0.9964,1.0,1.0,0.9988,0.0020784609690826803,,,not reported for fewer than 5 independent seeds
prompt_only,/lustre/mahdamld/ramin/ftm_runtime/models/Qwen3-1.7B,dashboard_v4,e2df055d0a75c25f53a88cb830a5b6d66411fa179413f352f45ca2f6873829d5,top_1_accuracy,3,3,"42,43,44",0.36,0.0,0.36,0.24,0.20784609690826528,,,not reported for fewer than 5 independent seeds
prompt_only,/lustre/mahdamld/ramin/ftm_runtime/models/Qwen3-1.7B,dashboard_v4,e2df055d0a75c25f53a88cb830a5b6d66411fa179413f352f45ca2f6873829d5,macro_f1,3,3,"42,43,44",0.1111,0.0,0.0185,0.043199999999999995,0.059526212713392083,,,not reported for fewer than 5 independent seeds
prompt_only,/lustre/mahdamld/ramin/ftm_runtime/models/Qwen3-1.7B,dashboard_v4,e2df055d0a75c25f53a88cb830a5b6d66411fa179413f352f45ca2f6873829d5,exact_task_classification,3,3,"42,43,44",0.0,0.0,0.36,0.12,0.20784609690826528,,,not reported for fewer than 5 independent seeds
prompt_only,/lustre/mahdamld/ramin/ftm_runtime/models/Qwen3-1.7B,dashboard_v4,e2df055d0a75c25f53a88cb830a5b6d66411fa179413f352f45ca2f6873829d5,exact_kpi_selection,3,3,"42,43,44",0.0,0.0,0.36,0.12,0.20784609690826528,,,not reported for fewer than 5 independent seeds
prompt_only,/lustre/mahdamld/ramin/ftm_runtime/models/Qwen3-1.7B,dashboard_v4,e2df055d0a75c25f53a88cb830a5b6d66411fa179413f352f45ca2f6873829d5,exact_mapping_count,3,3,"42,43,44",0.0,0.0,0.36,0.12,0.20784609690826528,,,not reported for fewer than 5 independent seeds
prompt_only,/lustre/mahdamld/ramin/ftm_runtime/models/Qwen3-1.7B,dashboard_v4,e2df055d0a75c25f53a88cb830a5b6d66411fa179413f352f45ca2f6873829d5,exact_encoding,3,3,"42,43,44",0.0,0.0,0.0,0.0,0.0,,,not reported for fewer than 5 independent seeds
prompt_only,/lustre/mahdamld/ramin/ftm_runtime/models/Qwen3-1.7B,dashboard_v4,e2df055d0a75c25f53a88cb830a5b6d66411fa179413f352f45ca2f6873829d5,encoding_x_accuracy,3,0,"42,43,44",,,,,,,,metric unavailable in source runs
prompt_only,/lustre/mahdamld/ramin/ftm_runtime/models/Qwen3-1.7B,dashboard_v4,e2df055d0a75c25f53a88cb830a5b6d66411fa179413f352f45ca2f6873829d5,encoding_y_accuracy,3,0,"42,43,44",,,,,,,,metric unavailable in source runs
prompt_only,/lustre/mahdamld/ramin/ftm_runtime/models/Qwen3-1.7B,dashboard_v4,e2df055d0a75c25f53a88cb830a5b6d66411fa179413f352f45ca2f6873829d5,encoding_aggregate_accuracy,3,0,"42,43,44",,,,,,,,metric unavailable in source runs
prompt_only,/lustre/mahdamld/ramin/ftm_runtime/models/Qwen3-1.7B,dashboard_v4,e2df055d0a75c25f53a88cb830a5b6d66411fa179413f352f45ca2f6873829d5,encoding_mapping_exact_accuracy,3,0,"42,43,44",,,,,,,,metric unavailable in source runs
prompt_only,/lustre/mahdamld/ramin/ftm_runtime/models/Qwen3-1.7B,dashboard_v4,e2df055d0a75c25f53a88cb830a5b6d66411fa179413f352f45ca2f6873829d5,exact_aggregate,3,3,"42,43,44",0.0,0.0,0.0,0.0,0.0,,,not reported for fewer than 5 independent seeds
prompt_only,/lustre/mahdamld/ramin/ftm_runtime/models/Qwen3-1.7B,dashboard_v4,e2df055d0a75c25f53a88cb830a5b6d66411fa179413f352f45ca2f6873829d5,avg_latency_ms,3,3,"42,43,44",7076.5,7074.5,7064.4,7071.8,6.486139067272817,,,not reported for fewer than 5 independent seeds
prompt_only,/lustre/mahdamld/ramin/ftm_runtime/models/Qwen3-1.7B,dashboard_v4,e2df055d0a75c25f53a88cb830a5b6d66411fa179413f352f45ca2f6873829d5,paraphrase_accuracy,3,3,"42,43,44",0.36,0.36,0.73,0.48333333333333334,0.21361959960016152,,,not reported for fewer than 5 independent seeds
prompt_only,/lustre/mahdamld/ramin/ftm_runtime/models/Qwen3-1.7B,dashboard_v4,e2df055d0a75c25f53a88cb830a5b6d66411fa179413f352f45ca2f6873829d5,paraphrase_consistency,3,3,"42,43,44",0.0,0.0,0.36,0.12,0.20784609690826528,,,not reported for fewer than 5 independent seeds
prompt_only,/lustre/mahdamld/ramin/ftm_runtime/models/Qwen3-1.7B,dashboard_v4,e2df055d0a75c25f53a88cb830a5b6d66411fa179413f352f45ca2f6873829d5,missing_info_clarification_rate,3,3,"42,43,44",3.65,2.92,2.92,3.1633333333333336,0.4214656965084268,,,not reported for fewer than 5 independent seeds
prompt_only,/lustre/mahdamld/ramin/ftm_runtime/models/Qwen3-1.7B,dashboard_v4,e2df055d0a75c25f53a88cb830a5b6d66411fa179413f352f45ca2f6873829d5,missing_info_schema_rate,3,3,"42,43,44",99.64,99.64,99.64,99.64,0.0,,,not reported for fewer than 5 independent seeds
prompt_only,/lustre/mahdamld/ramin/ftm_runtime/models/Qwen3-1.7B,dashboard_v4,e2df055d0a75c25f53a88cb830a5b6d66411fa179413f352f45ca2f6873829d5,supported_claim_rate,3,0,"42,43,44",,,,,,,,metric unavailable in source runs
prompt_only,/lustre/mahdamld/ramin/ftm_runtime/models/Qwen3-1.7B,dashboard_v4,e2df055d0a75c25f53a88cb830a5b6d66411fa179413f352f45ca2f6873829d5,retrieval_recall_at_3,3,0,"42,43,44",,,,,,,,metric unavailable in source runs
prompt_only,/lustre/mahdamld/ramin/ftm_runtime/models/Qwen3-1.7B,dashboard_v4,e2df055d0a75c25f53a88cb830a5b6d66411fa179413f352f45ca2f6873829d5,retrieval_mrr_at_3,3,0,"42,43,44",,,,,,,,metric unavailable in source runs
prompt_only,/lustre/mahdamld/ramin/ftm_runtime/models/Qwen3-1.7B,dashboard_v4,e2df055d0a75c25f53a88cb830a5b6d66411fa179413f352f45ca2f6873829d5,retrieval_ndcg_at_3,3,0,"42,43,44",,,,,,,,metric unavailable in source runs
prompt_only,/lustre/mahdamld/ramin/ftm_runtime/models/Qwen3-1.7B,dashboard_v4,e2df055d0a75c25f53a88cb830a5b6d66411fa179413f352f45ca2f6873829d5,retrieval_query_coverage,3,0,"42,43,44",,,,,,,,metric unavailable in source runs
prompt_only,/lustre/mahdamld/ramin/ftm_runtime/models/Qwen3-1.7B,dashboard_v4,e2df055d0a75c25f53a88cb830a5b6d66411fa179413f352f45ca2f6873829d5,retrieval_top_3_support_rate,3,0,"42,43,44",,,,,,,,metric unavailable in source runs
prompt_only,Qwen/Qwen3-8B,dashboard_v4,e2df055d0a75c25f53a88cb830a5b6d66411fa179413f352f45ca2f6873829d5,json_parse_rate,1,1,42,100.0,,,100.0,,,,not reported for fewer than 5 independent seeds
prompt_only,Qwen/Qwen3-8B,dashboard_v4,e2df055d0a75c25f53a88cb830a5b6d66411fa179413f352f45ca2f6873829d5,schema_validity_rate,1,1,42,0.0,,,0.0,,,,not reported for fewer than 5 independent seeds
prompt_only,Qwen/Qwen3-8B,dashboard_v4,e2df055d0a75c25f53a88cb830a5b6d66411fa179413f352f45ca2f6873829d5,encoding_object_rate,1,1,42,100.0,,,100.0,,,,not reported for fewer than 5 independent seeds
prompt_only,Qwen/Qwen3-8B,dashboard_v4,e2df055d0a75c25f53a88cb830a5b6d66411fa179413f352f45ca2f6873829d5,completeness_score,1,1,42,1.0,,,1.0,,,,not reported for fewer than 5 independent seeds
prompt_only,Qwen/Qwen3-8B,dashboard_v4,e2df055d0a75c25f53a88cb830a5b6d66411fa179413f352f45ca2f6873829d5,top_1_accuracy,1,1,42,91.61,,,91.61,,,,not reported for fewer than 5 independent seeds
prompt_only,Qwen/Qwen3-8B,dashboard_v4,e2df055d0a75c25f53a88cb830a5b6d66411fa179413f352f45ca2f6873829d5,macro_f1,1,1,42,0.5578,,,0.5578,,,,not reported for fewer than 5 independent seeds
prompt_only,Qwen/Qwen3-8B,dashboard_v4,e2df055d0a75c25f53a88cb830a5b6d66411fa179413f352f45ca2f6873829d5,exact_task_classification,1,1,42,17.88,,,17.88,,,,not reported for fewer than 5 independent seeds
prompt_only,Qwen/Qwen3-8B,dashboard_v4,e2df055d0a75c25f53a88cb830a5b6d66411fa179413f352f45ca2f6873829d5,exact_kpi_selection,1,1,42,99.27,,,99.27,,,,not reported for fewer than 5 independent seeds
prompt_only,Qwen/Qwen3-8B,dashboard_v4,e2df055d0a75c25f53a88cb830a5b6d66411fa179413f352f45ca2f6873829d5,exact_mapping_count,1,1,42,99.27,,,99.27,,,,not reported for fewer than 5 independent seeds
prompt_only,Qwen/Qwen3-8B,dashboard_v4,e2df055d0a75c25f53a88cb830a5b6d66411fa179413f352f45ca2f6873829d5,exact_encoding,1,1,42,10.95,,,10.95,,,,not reported for fewer than 5 independent seeds
prompt_only,Qwen/Qwen3-8B,dashboard_v4,e2df055d0a75c25f53a88cb830a5b6d66411fa179413f352f45ca2f6873829d5,encoding_x_accuracy,1,1,42,75.18,,,75.18,,,,not reported for fewer than 5 independent seeds
prompt_only,Qwen/Qwen3-8B,dashboard_v4,e2df055d0a75c25f53a88cb830a5b6d66411fa179413f352f45ca2f6873829d5,encoding_y_accuracy,1,1,42,79.56,,,79.56,,,,not reported for fewer than 5 independent seeds
prompt_only,Qwen/Qwen3-8B,dashboard_v4,e2df055d0a75c25f53a88cb830a5b6d66411fa179413f352f45ca2f6873829d5,encoding_aggregate_accuracy,1,1,42,0.0,,,0.0,,,,not reported for fewer than 5 independent seeds
prompt_only,Qwen/Qwen3-8B,dashboard_v4,e2df055d0a75c25f53a88cb830a5b6d66411fa179413f352f45ca2f6873829d5,encoding_mapping_exact_accuracy,1,1,42,10.95,,,10.95,,,,not reported for fewer than 5 independent seeds
prompt_only,Qwen/Qwen3-8B,dashboard_v4,e2df055d0a75c25f53a88cb830a5b6d66411fa179413f352f45ca2f6873829d5,exact_aggregate,1,1,42,0.0,,,0.0,,,,not reported for fewer than 5 independent seeds
prompt_only,Qwen/Qwen3-8B,dashboard_v4,e2df055d0a75c25f53a88cb830a5b6d66411fa179413f352f45ca2f6873829d5,avg_latency_ms,1,1,42,32963.8,,,32963.8,,,,not reported for fewer than 5 independent seeds
prompt_only,Qwen/Qwen3-8B,dashboard_v4,e2df055d0a75c25f53a88cb830a5b6d66411fa179413f352f45ca2f6873829d5,paraphrase_accuracy,1,1,42,91.61,,,91.61,,,,not reported for fewer than 5 independent seeds
prompt_only,Qwen/Qwen3-8B,dashboard_v4,e2df055d0a75c25f53a88cb830a5b6d66411fa179413f352f45ca2f6873829d5,paraphrase_consistency,1,1,42,100.0,,,100.0,,,,not reported for fewer than 5 independent seeds
prompt_only,Qwen/Qwen3-8B,dashboard_v4,e2df055d0a75c25f53a88cb830a5b6d66411fa179413f352f45ca2f6873829d5,missing_info_clarification_rate,1,1,42,0.73,,,0.73,,,,not reported for fewer than 5 independent seeds
prompt_only,Qwen/Qwen3-8B,dashboard_v4,e2df055d0a75c25f53a88cb830a5b6d66411fa179413f352f45ca2f6873829d5,missing_info_schema_rate,1,1,42,100.0,,,100.0,,,,not reported for fewer than 5 independent seeds
prompt_only,Qwen/Qwen3-8B,dashboard_v4,e2df055d0a75c25f53a88cb830a5b6d66411fa179413f352f45ca2f6873829d5,supported_claim_rate,1,0,42,,,,,,,,metric unavailable in source runs
prompt_only,Qwen/Qwen3-8B,dashboard_v4,e2df055d0a75c25f53a88cb830a5b6d66411fa179413f352f45ca2f6873829d5,retrieval_recall_at_3,1,0,42,,,,,,,,metric unavailable in source runs
prompt_only,Qwen/Qwen3-8B,dashboard_v4,e2df055d0a75c25f53a88cb830a5b6d66411fa179413f352f45ca2f6873829d5,retrieval_mrr_at_3,1,0,42,,,,,,,,metric unavailable in source runs
prompt_only,Qwen/Qwen3-8B,dashboard_v4,e2df055d0a75c25f53a88cb830a5b6d66411fa179413f352f45ca2f6873829d5,retrieval_ndcg_at_3,1,0,42,,,,,,,,metric unavailable in source runs
prompt_only,Qwen/Qwen3-8B,dashboard_v4,e2df055d0a75c25f53a88cb830a5b6d66411fa179413f352f45ca2f6873829d5,retrieval_query_coverage,1,0,42,,,,,,,,metric unavailable in source runs
prompt_only,Qwen/Qwen3-8B,dashboard_v4,e2df055d0a75c25f53a88cb830a5b6d66411fa179413f352f45ca2f6873829d5,retrieval_top_3_support_rate,1,0,42,,,,,,,,metric unavailable in source runs
prompt_only,Qwen/Qwen3.8-27B,dashboard_v4,e2df055d0a75c25f53a88cb830a5b6d66411fa179413f352f45ca2f6873829d5,json_parse_rate,1,1,42,100.0,,,100.0,,,,not reported for fewer than 5 independent seeds
prompt_only,Qwen/Qwen3.8-27B,dashboard_v4,e2df055d0a75c25f53a88cb830a5b6d66411fa179413f352f45ca2f6873829d5,schema_validity_rate,1,1,42,46.72,,,46.72,,,,not reported for fewer than 5 independent seeds
prompt_only,Qwen/Qwen3.8-27B,dashboard_v4,e2df055d0a75c25f53a88cb830a5b6d66411fa179413f352f45ca2f6873829d5,encoding_object_rate,1,0,42,,,,,,,,metric unavailable in source runs
prompt_only,Qwen/Qwen3.8-27B,dashboard_v4,e2df055d0a75c25f53a88cb830a5b6d66411fa179413f352f45ca2f6873829d5,completeness_score,1,1,42,1.0,,,1.0,,,,not reported for fewer than 5 independent seeds
prompt_only,Qwen/Qwen3.8-27B,dashboard_v4,e2df055d0a75c25f53a88cb830a5b6d66411fa179413f352f45ca2f6873829d5,top_1_accuracy,1,1,42,92.34,,,92.34,,,,not reported for fewer than 5 independent seeds
prompt_only,Qwen/Qwen3.8-27B,dashboard_v4,e2df055d0a75c25f53a88cb830a5b6d66411fa179413f352f45ca2f6873829d5,macro_f1,1,1,42,0.4453,,,0.4453,,,,not reported for fewer than 5 independent seeds
prompt_only,Qwen/Qwen3.8-27B,dashboard_v4,e2df055d0a75c25f53a88cb830a5b6d66411fa179413f352f45ca2f6873829d5,exact_task_classification,1,1,42,28.47,,,28.47,,,,not reported for fewer than 5 independent seeds
prompt_only,Qwen/Qwen3.8-27B,dashboard_v4,e2df055d0a75c25f53a88cb830a5b6d66411fa179413f352f45ca2f6873829d5,exact_kpi_selection,1,1,42,98.91,,,98.91,,,,not reported for fewer than 5 independent seeds
prompt_only,Qwen/Qwen3.8-27B,dashboard_v4,e2df055d0a75c25f53a88cb830a5b6d66411fa179413f352f45ca2f6873829d5,exact_mapping_count,1,1,42,98.91,,,98.91,,,,not reported for fewer than 5 independent seeds
prompt_only,Qwen/Qwen3.8-27B,dashboard_v4,e2df055d0a75c25f53a88cb830a5b6d66411fa179413f352f45ca2f6873829d5,exact_encoding,1,1,42,0.0,,,0.0,,,,not reported for fewer than 5 independent seeds
prompt_only,Qwen/Qwen3.8-27B,dashboard_v4,e2df055d0a75c25f53a88cb830a5b6d66411fa179413f352f45ca2f6873829d5,encoding_x_accuracy,1,0,42,,,,,,,,metric unavailable in source runs
prompt_only,Qwen/Qwen3.8-27B,dashboard_v4,e2df055d0a75c25f53a88cb830a5b6d66411fa179413f352f45ca2f6873829d5,encoding_y_accuracy,1,0,42,,,,,,,,metric unavailable in source runs
prompt_only,Qwen/Qwen3.8-27B,dashboard_v4,e2df055d0a75c25f53a88cb830a5b6d66411fa179413f352f45ca2f6873829d5,encoding_aggregate_accuracy,1,0,42,,,,,,,,metric unavailable in source runs
prompt_only,Qwen/Qwen3.8-27B,dashboard_v4,e2df055d0a75c25f53a88cb830a5b6d66411fa179413f352f45ca2f6873829d5,encoding_mapping_exact_accuracy,1,0,42,,,,,,,,metric unavailable in source runs
prompt_only,Qwen/Qwen3.8-27B,dashboard_v4,e2df055d0a75c25f53a88cb830a5b6d66411fa179413f352f45ca2f6873829d5,exact_aggregate,1,1,42,0.0,,,0.0,,,,not reported for fewer than 5 independent seeds
prompt_only,Qwen/Qwen3.8-27B,dashboard_v4,e2df055d0a75c25f53a88cb830a5b6d66411fa179413f352f45ca2f6873829d5,avg_latency_ms,1,1,42,30935.8,,,30935.8,,,,not reported for fewer than 5 independent seeds
prompt_only,Qwen/Qwen3.8-27B,dashboard_v4,e2df055d0a75c25f53a88cb830a5b6d66411fa179413f352f45ca2f6873829d5,paraphrase_accuracy,1,1,42,91.24,,,91.24,,,,not reported for fewer than 5 independent seeds
prompt_only,Qwen/Qwen3.8-27B,dashboard_v4,e2df055d0a75c25f53a88cb830a5b6d66411fa179413f352f45ca2f6873829d5,paraphrase_consistency,1,1,42,98.54,,,98.54,,,,not reported for fewer than 5 independent seeds
prompt_only,Qwen/Qwen3.8-27B,dashboard_v4,e2df055d0a75c25f53a88cb830a5b6d66411fa179413f352f45ca2f6873829d5,missing_info_clarification_rate,1,1,42,1.09,,,1.09,,,,not reported for fewer than 5 independent seeds
prompt_only,Qwen/Qwen3.8-27B,dashboard_v4,e2df055d0a75c25f53a88cb830a5b6d66411fa179413f352f45ca2f6873829d5,missing_info_schema_rate,1,1,42,99.27,,,99.27,,,,not reported for fewer than 5 independent seeds
prompt_only,Qwen/Qwen3.8-27B,dashboard_v4,e2df055d0a75c25f53a88cb830a5b6d66411fa179413f352f45ca2f6873829d5,supported_claim_rate,1,0,42,,,,,,,,metric unavailable in source runs
prompt_only,Qwen/Qwen3.8-27B,dashboard_v4,e2df055d0a75c25f53a88cb830a5b6d66411fa179413f352f45ca2f6873829d5,retrieval_recall_at_3,1,0,42,,,,,,,,metric unavailable in source runs
prompt_only,Qwen/Qwen3.8-27B,dashboard_v4,e2df055d0a75c25f53a88cb830a5b6d66411fa179413f352f45ca2f6873829d5,retrieval_mrr_at_3,1,0,42,,,,,,,,metric unavailable in source runs
prompt_only,Qwen/Qwen3.8-27B,dashboard_v4,e2df055d0a75c25f53a88cb830a5b6d66411fa179413f352f45ca2f6873829d5,retrieval_ndcg_at_3,1,0,42,,,,,,,,metric unavailable in source runs
prompt_only,Qwen/Qwen3.8-27B,dashboard_v4,e2df055d0a75c25f53a88cb830a5b6d66411fa179413f352f45ca2f6873829d5,retrieval_query_coverage,1,0,42,,,,,,,,metric unavailable in source runs
prompt_only,Qwen/Qwen3.8-27B,dashboard_v4,e2df055d0a75c25f53a88cb830a5b6d66411fa179413f352f45ca2f6873829d5,retrieval_top_3_support_rate,1,0,42,,,,,,,,metric unavailable in source runs
prompt_only,allenai/OLMo-2-0425-1B-Instruct,dashboard_v4,e2df055d0a75c25f53a88cb830a5b6d66411fa179413f352f45ca2f6873829d5,json_parse_rate,1,1,42,30.29,,,30.29,,,,not reported for fewer than 5 independent seeds
prompt_only,allenai/OLMo-2-0425-1B-Instruct,dashboard_v4,e2df055d0a75c25f53a88cb830a5b6d66411fa179413f352f45ca2f6873829d5,schema_validity_rate,1,1,42,0.0,,,0.0,,,,not reported for fewer than 5 independent seeds
prompt_only,allenai/OLMo-2-0425-1B-Instruct,dashboard_v4,e2df055d0a75c25f53a88cb830a5b6d66411fa179413f352f45ca2f6873829d5,encoding_object_rate,1,1,42,12.04,,,12.04,,,,not reported for fewer than 5 independent seeds
prompt_only,allenai/OLMo-2-0425-1B-Instruct,dashboard_v4,e2df055d0a75c25f53a88cb830a5b6d66411fa179413f352f45ca2f6873829d5,completeness_score,1,1,42,0.2482,,,0.2482,,,,not reported for fewer than 5 independent seeds
prompt_only,allenai/OLMo-2-0425-1B-Instruct,dashboard_v4,e2df055d0a75c25f53a88cb830a5b6d66411fa179413f352f45ca2f6873829d5,top_1_accuracy,1,1,42,4.01,,,4.01,,,,not reported for fewer than 5 independent seeds
prompt_only,allenai/OLMo-2-0425-1B-Instruct,dashboard_v4,e2df055d0a75c25f53a88cb830a5b6d66411fa179413f352f45ca2f6873829d5,macro_f1,1,1,42,0.188,,,0.188,,,,not reported for fewer than 5 independent seeds
prompt_only,allenai/OLMo-2-0425-1B-Instruct,dashboard_v4,e2df055d0a75c25f53a88cb830a5b6d66411fa179413f352f45ca2f6873829d5,exact_task_classification,1,1,42,1.09,,,1.09,,,,not reported for fewer than 5 independent seeds
prompt_only,allenai/OLMo-2-0425-1B-Instruct,dashboard_v4,e2df055d0a75c25f53a88cb830a5b6d66411fa179413f352f45ca2f6873829d5,exact_kpi_selection,1,1,42,2.55,,,2.55,,,,not reported for fewer than 5 independent seeds
prompt_only,allenai/OLMo-2-0425-1B-Instruct,dashboard_v4,e2df055d0a75c25f53a88cb830a5b6d66411fa179413f352f45ca2f6873829d5,exact_mapping_count,1,1,42,3.28,,,3.28,,,,not reported for fewer than 5 independent seeds
prompt_only,allenai/OLMo-2-0425-1B-Instruct,dashboard_v4,e2df055d0a75c25f53a88cb830a5b6d66411fa179413f352f45ca2f6873829d5,exact_encoding,1,1,42,0.0,,,0.0,,,,not reported for fewer than 5 independent seeds
prompt_only,allenai/OLMo-2-0425-1B-Instruct,dashboard_v4,e2df055d0a75c25f53a88cb830a5b6d66411fa179413f352f45ca2f6873829d5,encoding_x_accuracy,1,1,42,0.0,,,0.0,,,,not reported for fewer than 5 independent seeds
prompt_only,allenai/OLMo-2-0425-1B-Instruct,dashboard_v4,e2df055d0a75c25f53a88cb830a5b6d66411fa179413f352f45ca2f6873829d5,encoding_y_accuracy,1,1,42,0.0,,,0.0,,,,not reported for fewer than 5 independent seeds
prompt_only,allenai/OLMo-2-0425-1B-Instruct,dashboard_v4,e2df055d0a75c25f53a88cb830a5b6d66411fa179413f352f45ca2f6873829d5,encoding_aggregate_accuracy,1,1,42,0.0,,,0.0,,,,not reported for fewer than 5 independent seeds
prompt_only,allenai/OLMo-2-0425-1B-Instruct,dashboard_v4,e2df055d0a75c25f53a88cb830a5b6d66411fa179413f352f45ca2f6873829d5,encoding_mapping_exact_accuracy,1,1,42,0.0,,,0.0,,,,not reported for fewer than 5 independent seeds
prompt_only,allenai/OLMo-2-0425-1B-Instruct,dashboard_v4,e2df055d0a75c25f53a88cb830a5b6d66411fa179413f352f45ca2f6873829d5,exact_aggregate,1,1,42,0.0,,,0.0,,,,not reported for fewer than 5 independent seeds
prompt_only,allenai/OLMo-2-0425-1B-Instruct,dashboard_v4,e2df055d0a75c25f53a88cb830a5b6d66411fa179413f352f45ca2f6873829d5,avg_latency_ms,1,1,42,10141.1,,,10141.1,,,,not reported for fewer than 5 independent seeds
prompt_only,allenai/OLMo-2-0425-1B-Instruct,dashboard_v4,e2df055d0a75c25f53a88cb830a5b6d66411fa179413f352f45ca2f6873829d5,paraphrase_accuracy,1,1,42,6.57,,,6.57,,,,not reported for fewer than 5 independent seeds
prompt_only,allenai/OLMo-2-0425-1B-Instruct,dashboard_v4,e2df055d0a75c25f53a88cb830a5b6d66411fa179413f352f45ca2f6873829d5,paraphrase_consistency,1,1,42,1.82,,,1.82,,,,not reported for fewer than 5 independent seeds
prompt_only,allenai/OLMo-2-0425-1B-Instruct,dashboard_v4,e2df055d0a75c25f53a88cb830a5b6d66411fa179413f352f45ca2f6873829d5,missing_info_clarification_rate,1,1,42,3.28,,,3.28,,,,not reported for fewer than 5 independent seeds
prompt_only,allenai/OLMo-2-0425-1B-Instruct,dashboard_v4,e2df055d0a75c25f53a88cb830a5b6d66411fa179413f352f45ca2f6873829d5,missing_info_schema_rate,1,1,42,26.64,,,26.64,,,,not reported for fewer than 5 independent seeds
prompt_only,allenai/OLMo-2-0425-1B-Instruct,dashboard_v4,e2df055d0a75c25f53a88cb830a5b6d66411fa179413f352f45ca2f6873829d5,supported_claim_rate,1,0,42,,,,,,,,metric unavailable in source runs
prompt_only,allenai/OLMo-2-0425-1B-Instruct,dashboard_v4,e2df055d0a75c25f53a88cb830a5b6d66411fa179413f352f45ca2f6873829d5,retrieval_recall_at_3,1,0,42,,,,,,,,metric unavailable in source runs
prompt_only,allenai/OLMo-2-0425-1B-Instruct,dashboard_v4,e2df055d0a75c25f53a88cb830a5b6d66411fa179413f352f45ca2f6873829d5,retrieval_mrr_at_3,1,0,42,,,,,,,,metric unavailable in source runs
prompt_only,allenai/OLMo-2-0425-1B-Instruct,dashboard_v4,e2df055d0a75c25f53a88cb830a5b6d66411fa179413f352f45ca2f6873829d5,retrieval_ndcg_at_3,1,0,42,,,,,,,,metric unavailable in source runs
prompt_only,allenai/OLMo-2-0425-1B-Instruct,dashboard_v4,e2df055d0a75c25f53a88cb830a5b6d66411fa179413f352f45ca2f6873829d5,retrieval_query_coverage,1,0,42,,,,,,,,metric unavailable in source runs
prompt_only,allenai/OLMo-2-0425-1B-Instruct,dashboard_v4,e2df055d0a75c25f53a88cb830a5b6d66411fa179413f352f45ca2f6873829d5,retrieval_top_3_support_rate,1,0,42,,,,,,,,metric unavailable in source runs
rag,/lustre/mahdamld/ramin/ftm_runtime/models/Qwen3-1.7B,dashboard_v4,e2df055d0a75c25f53a88cb830a5b6d66411fa179413f352f45ca2f6873829d5,json_parse_rate,3,3,"42,43,44",100.0,99.64,100.0,99.88,0.20784609690826494,,,not reported for fewer than 5 independent seeds
rag,/lustre/mahdamld/ramin/ftm_runtime/models/Qwen3-1.7B,dashboard_v4,e2df055d0a75c25f53a88cb830a5b6d66411fa179413f352f45ca2f6873829d5,schema_validity_rate,3,3,"42,43,44",1.09,1.46,1.09,1.2133333333333332,0.21361959960016147,,,not reported for fewer than 5 independent seeds
rag,/lustre/mahdamld/ramin/ftm_runtime/models/Qwen3-1.7B,dashboard_v4,e2df055d0a75c25f53a88cb830a5b6d66411fa179413f352f45ca2f6873829d5,encoding_object_rate,3,0,"42,43,44",,,,,,,,metric unavailable in source runs
rag,/lustre/mahdamld/ramin/ftm_runtime/models/Qwen3-1.7B,dashboard_v4,e2df055d0a75c25f53a88cb830a5b6d66411fa179413f352f45ca2f6873829d5,completeness_score,3,3,"42,43,44",1.0,0.9964,1.0,0.9988,0.0020784609690826803,,,not reported for fewer than 5 independent seeds
rag,/lustre/mahdamld/ramin/ftm_runtime/models/Qwen3-1.7B,dashboard_v4,e2df055d0a75c25f53a88cb830a5b6d66411fa179413f352f45ca2f6873829d5,top_1_accuracy,3,3,"42,43,44",1.09,1.09,1.09,1.09,0.0,,,not reported for fewer than 5 independent seeds
rag,/lustre/mahdamld/ramin/ftm_runtime/models/Qwen3-1.7B,dashboard_v4,e2df055d0a75c25f53a88cb830a5b6d66411fa179413f352f45ca2f6873829d5,macro_f1,3,3,"42,43,44",0.0217,0.1125,0.0217,0.05196666666666667,0.05242340444241802,,,not reported for fewer than 5 independent seeds
rag,/lustre/mahdamld/ramin/ftm_runtime/models/Qwen3-1.7B,dashboard_v4,e2df055d0a75c25f53a88cb830a5b6d66411fa179413f352f45ca2f6873829d5,exact_task_classification,3,3,"42,43,44",0.36,0.36,0.36,0.36000000000000004,6.798699777552591e-17,,,not reported for fewer than 5 independent seeds
rag,/lustre/mahdamld/ramin/ftm_runtime/models/Qwen3-1.7B,dashboard_v4,e2df055d0a75c25f53a88cb830a5b6d66411fa179413f352f45ca2f6873829d5,exact_kpi_selection,3,3,"42,43,44",1.09,1.09,1.09,1.09,0.0,,,not reported for fewer than 5 independent seeds
rag,/lustre/mahdamld/ramin/ftm_runtime/models/Qwen3-1.7B,dashboard_v4,e2df055d0a75c25f53a88cb830a5b6d66411fa179413f352f45ca2f6873829d5,exact_mapping_count,3,3,"42,43,44",1.09,1.09,1.09,1.09,0.0,,,not reported for fewer than 5 independent seeds
rag,/lustre/mahdamld/ramin/ftm_runtime/models/Qwen3-1.7B,dashboard_v4,e2df055d0a75c25f53a88cb830a5b6d66411fa179413f352f45ca2f6873829d5,exact_encoding,3,3,"42,43,44",0.0,0.36,0.36,0.24,0.20784609690826528,,,not reported for fewer than 5 independent seeds
rag,/lustre/mahdamld/ramin/ftm_runtime/models/Qwen3-1.7B,dashboard_v4,e2df055d0a75c25f53a88cb830a5b6d66411fa179413f352f45ca2f6873829d5,encoding_x_accuracy,3,0,"42,43,44",,,,,,,,metric unavailable in source runs
rag,/lustre/mahdamld/ramin/ftm_runtime/models/Qwen3-1.7B,dashboard_v4,e2df055d0a75c25f53a88cb830a5b6d66411fa179413f352f45ca2f6873829d5,encoding_y_accuracy,3,0,"42,43,44",,,,,,,,metric unavailable in source runs
rag,/lustre/mahdamld/ramin/ftm_runtime/models/Qwen3-1.7B,dashboard_v4,e2df055d0a75c25f53a88cb830a5b6d66411fa179413f352f45ca2f6873829d5,encoding_aggregate_accuracy,3,0,"42,43,44",,,,,,,,metric unavailable in source runs
rag,/lustre/mahdamld/ramin/ftm_runtime/models/Qwen3-1.7B,dashboard_v4,e2df055d0a75c25f53a88cb830a5b6d66411fa179413f352f45ca2f6873829d5,encoding_mapping_exact_accuracy,3,0,"42,43,44",,,,,,,,metric unavailable in source runs
rag,/lustre/mahdamld/ramin/ftm_runtime/models/Qwen3-1.7B,dashboard_v4,e2df055d0a75c25f53a88cb830a5b6d66411fa179413f352f45ca2f6873829d5,exact_aggregate,3,3,"42,43,44",0.0,0.0,0.0,0.0,0.0,,,not reported for fewer than 5 independent seeds
rag,/lustre/mahdamld/ramin/ftm_runtime/models/Qwen3-1.7B,dashboard_v4,e2df055d0a75c25f53a88cb830a5b6d66411fa179413f352f45ca2f6873829d5,avg_latency_ms,3,3,"42,43,44",6596.6,6669.5,6627.1,6631.066666666667,36.611519134465304,,,not reported for fewer than 5 independent seeds
rag,/lustre/mahdamld/ramin/ftm_runtime/models/Qwen3-1.7B,dashboard_v4,e2df055d0a75c25f53a88cb830a5b6d66411fa179413f352f45ca2f6873829d5,paraphrase_accuracy,3,3,"42,43,44",1.09,0.73,1.46,1.0933333333333335,0.3650114153466071,,,not reported for fewer than 5 independent seeds
rag,/lustre/mahdamld/ramin/ftm_runtime/models/Qwen3-1.7B,dashboard_v4,e2df055d0a75c25f53a88cb830a5b6d66411fa179413f352f45ca2f6873829d5,paraphrase_consistency,3,3,"42,43,44",1.09,0.36,1.09,0.8466666666666667,0.42146569650842686,,,not reported for fewer than 5 independent seeds
rag,/lustre/mahdamld/ramin/ftm_runtime/models/Qwen3-1.7B,dashboard_v4,e2df055d0a75c25f53a88cb830a5b6d66411fa179413f352f45ca2f6873829d5,missing_info_clarification_rate,3,3,"42,43,44",0.0,0.73,0.36,0.3633333333333333,0.36501141534660714,,,not reported for fewer than 5 independent seeds
rag,/lustre/mahdamld/ramin/ftm_runtime/models/Qwen3-1.7B,dashboard_v4,e2df055d0a75c25f53a88cb830a5b6d66411fa179413f352f45ca2f6873829d5,missing_info_schema_rate,3,3,"42,43,44",100.0,100.0,100.0,100.0,0.0,,,not reported for fewer than 5 independent seeds
rag,/lustre/mahdamld/ramin/ftm_runtime/models/Qwen3-1.7B,dashboard_v4,e2df055d0a75c25f53a88cb830a5b6d66411fa179413f352f45ca2f6873829d5,supported_claim_rate,3,3,"42,43,44",77.78,64.58,77.78,73.38000000000001,7.621023553303062,,,not reported for fewer than 5 independent seeds
rag,/lustre/mahdamld/ramin/ftm_runtime/models/Qwen3-1.7B,dashboard_v4,e2df055d0a75c25f53a88cb830a5b6d66411fa179413f352f45ca2f6873829d5,retrieval_recall_at_3,3,0,"42,43,44",,,,,,,,metric unavailable in source runs
rag,/lustre/mahdamld/ramin/ftm_runtime/models/Qwen3-1.7B,dashboard_v4,e2df055d0a75c25f53a88cb830a5b6d66411fa179413f352f45ca2f6873829d5,retrieval_mrr_at_3,3,0,"42,43,44",,,,,,,,metric unavailable in source runs
rag,/lustre/mahdamld/ramin/ftm_runtime/models/Qwen3-1.7B,dashboard_v4,e2df055d0a75c25f53a88cb830a5b6d66411fa179413f352f45ca2f6873829d5,retrieval_ndcg_at_3,3,0,"42,43,44",,,,,,,,metric unavailable in source runs
rag,/lustre/mahdamld/ramin/ftm_runtime/models/Qwen3-1.7B,dashboard_v4,e2df055d0a75c25f53a88cb830a5b6d66411fa179413f352f45ca2f6873829d5,retrieval_query_coverage,3,0,"42,43,44",,,,,,,,metric unavailable in source runs
rag,/lustre/mahdamld/ramin/ftm_runtime/models/Qwen3-1.7B,dashboard_v4,e2df055d0a75c25f53a88cb830a5b6d66411fa179413f352f45ca2f6873829d5,retrieval_top_3_support_rate,3,0,"42,43,44",,,,,,,,metric unavailable in source runs
rag,Qwen/Qwen3-8B,dashboard_v4,e2df055d0a75c25f53a88cb830a5b6d66411fa179413f352f45ca2f6873829d5,json_parse_rate,1,1,42,100.0,,,100.0,,,,not reported for fewer than 5 independent seeds
rag,Qwen/Qwen3-8B,dashboard_v4,e2df055d0a75c25f53a88cb830a5b6d66411fa179413f352f45ca2f6873829d5,schema_validity_rate,1,1,42,0.0,,,0.0,,,,not reported for fewer than 5 independent seeds
rag,Qwen/Qwen3-8B,dashboard_v4,e2df055d0a75c25f53a88cb830a5b6d66411fa179413f352f45ca2f6873829d5,encoding_object_rate,1,1,42,100.0,,,100.0,,,,not reported for fewer than 5 independent seeds
rag,Qwen/Qwen3-8B,dashboard_v4,e2df055d0a75c25f53a88cb830a5b6d66411fa179413f352f45ca2f6873829d5,completeness_score,1,1,42,1.0,,,1.0,,,,not reported for fewer than 5 independent seeds
rag,Qwen/Qwen3-8B,dashboard_v4,e2df055d0a75c25f53a88cb830a5b6d66411fa179413f352f45ca2f6873829d5,top_1_accuracy,1,1,42,82.12,,,82.12,,,,not reported for fewer than 5 independent seeds
rag,Qwen/Qwen3-8B,dashboard_v4,e2df055d0a75c25f53a88cb830a5b6d66411fa179413f352f45ca2f6873829d5,macro_f1,1,1,42,0.4618,,,0.4618,,,,not reported for fewer than 5 independent seeds
rag,Qwen/Qwen3-8B,dashboard_v4,e2df055d0a75c25f53a88cb830a5b6d66411fa179413f352f45ca2f6873829d5,exact_task_classification,1,1,42,45.99,,,45.99,,,,not reported for fewer than 5 independent seeds
rag,Qwen/Qwen3-8B,dashboard_v4,e2df055d0a75c25f53a88cb830a5b6d66411fa179413f352f45ca2f6873829d5,exact_kpi_selection,1,1,42,99.27,,,99.27,,,,not reported for fewer than 5 independent seeds
rag,Qwen/Qwen3-8B,dashboard_v4,e2df055d0a75c25f53a88cb830a5b6d66411fa179413f352f45ca2f6873829d5,exact_mapping_count,1,1,42,99.27,,,99.27,,,,not reported for fewer than 5 independent seeds
rag,Qwen/Qwen3-8B,dashboard_v4,e2df055d0a75c25f53a88cb830a5b6d66411fa179413f352f45ca2f6873829d5,exact_encoding,1,1,42,10.58,,,10.58,,,,not reported for fewer than 5 independent seeds
rag,Qwen/Qwen3-8B,dashboard_v4,e2df055d0a75c25f53a88cb830a5b6d66411fa179413f352f45ca2f6873829d5,encoding_x_accuracy,1,1,42,75.55,,,75.55,,,,not reported for fewer than 5 independent seeds
rag,Qwen/Qwen3-8B,dashboard_v4,e2df055d0a75c25f53a88cb830a5b6d66411fa179413f352f45ca2f6873829d5,encoding_y_accuracy,1,1,42,81.39,,,81.39,,,,not reported for fewer than 5 independent seeds
rag,Qwen/Qwen3-8B,dashboard_v4,e2df055d0a75c25f53a88cb830a5b6d66411fa179413f352f45ca2f6873829d5,encoding_aggregate_accuracy,1,1,42,0.0,,,0.0,,,,not reported for fewer than 5 independent seeds
rag,Qwen/Qwen3-8B,dashboard_v4,e2df055d0a75c25f53a88cb830a5b6d66411fa179413f352f45ca2f6873829d5,encoding_mapping_exact_accuracy,1,1,42,10.58,,,10.58,,,,not reported for fewer than 5 independent seeds
rag,Qwen/Qwen3-8B,dashboard_v4,e2df055d0a75c25f53a88cb830a5b6d66411fa179413f352f45ca2f6873829d5,exact_aggregate,1,1,42,0.0,,,0.0,,,,not reported for fewer than 5 independent seeds
rag,Qwen/Qwen3-8B,dashboard_v4,e2df055d0a75c25f53a88cb830a5b6d66411fa179413f352f45ca2f6873829d5,avg_latency_ms,1,1,42,34382.6,,,34382.6,,,,not reported for fewer than 5 independent seeds
rag,Qwen/Qwen3-8B,dashboard_v4,e2df055d0a75c25f53a88cb830a5b6d66411fa179413f352f45ca2f6873829d5,paraphrase_accuracy,1,1,42,82.12,,,82.12,,,,not reported for fewer than 5 independent seeds
rag,Qwen/Qwen3-8B,dashboard_v4,e2df055d0a75c25f53a88cb830a5b6d66411fa179413f352f45ca2f6873829d5,paraphrase_consistency,1,1,42,100.0,,,100.0,,,,not reported for fewer than 5 independent seeds
rag,Qwen/Qwen3-8B,dashboard_v4,e2df055d0a75c25f53a88cb830a5b6d66411fa179413f352f45ca2f6873829d5,missing_info_clarification_rate,1,1,42,0.36,,,0.36,,,,not reported for fewer than 5 independent seeds
rag,Qwen/Qwen3-8B,dashboard_v4,e2df055d0a75c25f53a88cb830a5b6d66411fa179413f352f45ca2f6873829d5,missing_info_schema_rate,1,1,42,100.0,,,100.0,,,,not reported for fewer than 5 independent seeds
rag,Qwen/Qwen3-8B,dashboard_v4,e2df055d0a75c25f53a88cb830a5b6d66411fa179413f352f45ca2f6873829d5,supported_claim_rate,1,1,42,63.33,,,63.33,,,,not reported for fewer than 5 independent seeds
rag,Qwen/Qwen3-8B,dashboard_v4,e2df055d0a75c25f53a88cb830a5b6d66411fa179413f352f45ca2f6873829d5,retrieval_recall_at_3,1,0,42,,,,,,,,metric unavailable in source runs
rag,Qwen/Qwen3-8B,dashboard_v4,e2df055d0a75c25f53a88cb830a5b6d66411fa179413f352f45ca2f6873829d5,retrieval_mrr_at_3,1,0,42,,,,,,,,metric unavailable in source runs
rag,Qwen/Qwen3-8B,dashboard_v4,e2df055d0a75c25f53a88cb830a5b6d66411fa179413f352f45ca2f6873829d5,retrieval_ndcg_at_3,1,0,42,,,,,,,,metric unavailable in source runs
rag,Qwen/Qwen3-8B,dashboard_v4,e2df055d0a75c25f53a88cb830a5b6d66411fa179413f352f45ca2f6873829d5,retrieval_query_coverage,1,0,42,,,,,,,,metric unavailable in source runs
rag,Qwen/Qwen3-8B,dashboard_v4,e2df055d0a75c25f53a88cb830a5b6d66411fa179413f352f45ca2f6873829d5,retrieval_top_3_support_rate,1,0,42,,,,,,,,metric unavailable in source runs
rag,Qwen/Qwen3.8-27B,dashboard_v4,e2df055d0a75c25f53a88cb830a5b6d66411fa179413f352f45ca2f6873829d5,json_parse_rate,1,1,42,100.0,,,100.0,,,,not reported for fewer than 5 independent seeds
rag,Qwen/Qwen3.8-27B,dashboard_v4,e2df055d0a75c25f53a88cb830a5b6d66411fa179413f352f45ca2f6873829d5,schema_validity_rate,1,1,42,84.67,,,84.67,,,,not reported for fewer than 5 independent seeds
rag,Qwen/Qwen3.8-27B,dashboard_v4,e2df055d0a75c25f53a88cb830a5b6d66411fa179413f352f45ca2f6873829d5,encoding_object_rate,1,0,42,,,,,,,,metric unavailable in source runs
rag,Qwen/Qwen3.8-27B,dashboard_v4,e2df055d0a75c25f53a88cb830a5b6d66411fa179413f352f45ca2f6873829d5,completeness_score,1,1,42,0.9994,,,0.9994,,,,not reported for fewer than 5 independent seeds
rag,Qwen/Qwen3.8-27B,dashboard_v4,e2df055d0a75c25f53a88cb830a5b6d66411fa179413f352f45ca2f6873829d5,top_1_accuracy,1,1,42,83.58,,,83.58,,,,not reported for fewer than 5 independent seeds
rag,Qwen/Qwen3.8-27B,dashboard_v4,e2df055d0a75c25f53a88cb830a5b6d66411fa179413f352f45ca2f6873829d5,macro_f1,1,1,42,0.4302,,,0.4302,,,,not reported for fewer than 5 independent seeds
rag,Qwen/Qwen3.8-27B,dashboard_v4,e2df055d0a75c25f53a88cb830a5b6d66411fa179413f352f45ca2f6873829d5,exact_task_classification,1,1,42,39.42,,,39.42,,,,not reported for fewer than 5 independent seeds
rag,Qwen/Qwen3.8-27B,dashboard_v4,e2df055d0a75c25f53a88cb830a5b6d66411fa179413f352f45ca2f6873829d5,exact_kpi_selection,1,1,42,98.18,,,98.18,,,,not reported for fewer than 5 independent seeds
rag,Qwen/Qwen3.8-27B,dashboard_v4,e2df055d0a75c25f53a88cb830a5b6d66411fa179413f352f45ca2f6873829d5,exact_mapping_count,1,1,42,98.18,,,98.18,,,,not reported for fewer than 5 independent seeds
rag,Qwen/Qwen3.8-27B,dashboard_v4,e2df055d0a75c25f53a88cb830a5b6d66411fa179413f352f45ca2f6873829d5,exact_encoding,1,1,42,0.0,,,0.0,,,,not reported for fewer than 5 independent seeds
rag,Qwen/Qwen3.8-27B,dashboard_v4,e2df055d0a75c25f53a88cb830a5b6d66411fa179413f352f45ca2f6873829d5,encoding_x_accuracy,1,0,42,,,,,,,,metric unavailable in source runs
rag,Qwen/Qwen3.8-27B,dashboard_v4,e2df055d0a75c25f53a88cb830a5b6d66411fa179413f352f45ca2f6873829d5,encoding_y_accuracy,1,0,42,,,,,,,,metric unavailable in source runs
rag,Qwen/Qwen3.8-27B,dashboard_v4,e2df055d0a75c25f53a88cb830a5b6d66411fa179413f352f45ca2f6873829d5,encoding_aggregate_accuracy,1,0,42,,,,,,,,metric unavailable in source runs
rag,Qwen/Qwen3.8-27B,dashboard_v4,e2df055d0a75c25f53a88cb830a5b6d66411fa179413f352f45ca2f6873829d5,encoding_mapping_exact_accuracy,1,0,42,,,,,,,,metric unavailable in source runs
rag,Qwen/Qwen3.8-27B,dashboard_v4,e2df055d0a75c25f53a88cb830a5b6d66411fa179413f352f45ca2f6873829d5,exact_aggregate,1,1,42,0.0,,,0.0,,,,not reported for fewer than 5 independent seeds
rag,Qwen/Qwen3.8-27B,dashboard_v4,e2df055d0a75c25f53a88cb830a5b6d66411fa179413f352f45ca2f6873829d5,avg_latency_ms,1,1,42,29406.8,,,29406.8,,,,not reported for fewer than 5 independent seeds
rag,Qwen/Qwen3.8-27B,dashboard_v4,e2df055d0a75c25f53a88cb830a5b6d66411fa179413f352f45ca2f6873829d5,paraphrase_accuracy,1,1,42,83.94,,,83.94,,,,not reported for fewer than 5 independent seeds
rag,Qwen/Qwen3.8-27B,dashboard_v4,e2df055d0a75c25f53a88cb830a5b6d66411fa179413f352f45ca2f6873829d5,paraphrase_consistency,1,1,42,96.72,,,96.72,,,,not reported for fewer than 5 independent seeds
rag,Qwen/Qwen3.8-27B,dashboard_v4,e2df055d0a75c25f53a88cb830a5b6d66411fa179413f352f45ca2f6873829d5,missing_info_clarification_rate,1,1,42,1.09,,,1.09,,,,not reported for fewer than 5 independent seeds
rag,Qwen/Qwen3.8-27B,dashboard_v4,e2df055d0a75c25f53a88cb830a5b6d66411fa179413f352f45ca2f6873829d5,missing_info_schema_rate,1,1,42,99.27,,,99.27,,,,not reported for fewer than 5 independent seeds
rag,Qwen/Qwen3.8-27B,dashboard_v4,e2df055d0a75c25f53a88cb830a5b6d66411fa179413f352f45ca2f6873829d5,supported_claim_rate,1,1,42,61.08,,,61.08,,,,not reported for fewer than 5 independent seeds
rag,Qwen/Qwen3.8-27B,dashboard_v4,e2df055d0a75c25f53a88cb830a5b6d66411fa179413f352f45ca2f6873829d5,retrieval_recall_at_3,1,0,42,,,,,,,,metric unavailable in source runs
rag,Qwen/Qwen3.8-27B,dashboard_v4,e2df055d0a75c25f53a88cb830a5b6d66411fa179413f352f45ca2f6873829d5,retrieval_mrr_at_3,1,0,42,,,,,,,,metric unavailable in source runs
rag,Qwen/Qwen3.8-27B,dashboard_v4,e2df055d0a75c25f53a88cb830a5b6d66411fa179413f352f45ca2f6873829d5,retrieval_ndcg_at_3,1,0,42,,,,,,,,metric unavailable in source runs
rag,Qwen/Qwen3.8-27B,dashboard_v4,e2df055d0a75c25f53a88cb830a5b6d66411fa179413f352f45ca2f6873829d5,retrieval_query_coverage,1,0,42,,,,,,,,metric unavailable in source runs
rag,Qwen/Qwen3.8-27B,dashboard_v4,e2df055d0a75c25f53a88cb830a5b6d66411fa179413f352f45ca2f6873829d5,retrieval_top_3_support_rate,1,0,42,,,,,,,,metric unavailable in source runs
rag,allenai/OLMo-2-0425-1B-Instruct,dashboard_v4,e2df055d0a75c25f53a88cb830a5b6d66411fa179413f352f45ca2f6873829d5,json_parse_rate,3,3,"42,43,44",46.35,49.64,47.08,47.69,1.7277441940287341,,,not reported for fewer than 5 independent seeds
rag,allenai/OLMo-2-0425-1B-Instruct,dashboard_v4,e2df055d0a75c25f53a88cb830a5b6d66411fa179413f352f45ca2f6873829d5,schema_validity_rate,3,3,"42,43,44",0.0,0.0,0.0,0.0,0.0,,,not reported for fewer than 5 independent seeds
rag,allenai/OLMo-2-0425-1B-Instruct,dashboard_v4,e2df055d0a75c25f53a88cb830a5b6d66411fa179413f352f45ca2f6873829d5,encoding_object_rate,3,3,"42,43,44",9.85,9.85,9.12,9.606666666666667,0.421465696508427,,,not reported for fewer than 5 independent seeds
rag,allenai/OLMo-2-0425-1B-Instruct,dashboard_v4,e2df055d0a75c25f53a88cb830a5b6d66411fa179413f352f45ca2f6873829d5,completeness_score,3,3,"42,43,44",0.368,0.3911,0.3808,0.3799666666666666,0.011572524933364086,,,not reported for fewer than 5 independent seeds
rag,allenai/OLMo-2-0425-1B-Instruct,dashboard_v4,e2df055d0a75c25f53a88cb830a5b6d66411fa179413f352f45ca2f6873829d5,top_1_accuracy,3,3,"42,43,44",21.53,24.09,23.36,22.993333333333336,1.318799959559194,,,not reported for fewer than 5 independent seeds
rag,allenai/OLMo-2-0425-1B-Instruct,dashboard_v4,e2df055d0a75c25f53a88cb830a5b6d66411fa179413f352f45ca2f6873829d5,macro_f1,3,3,"42,43,44",0.1005,0.2382,0.1758,0.17149999999999999,0.06895063451484691,,,not reported for fewer than 5 independent seeds
rag,allenai/OLMo-2-0425-1B-Instruct,dashboard_v4,e2df055d0a75c25f53a88cb830a5b6d66411fa179413f352f45ca2f6873829d5,exact_task_classification,3,3,"42,43,44",13.5,14.23,14.6,14.11,0.5597320787662611,,,not reported for fewer than 5 independent seeds
rag,allenai/OLMo-2-0425-1B-Instruct,dashboard_v4,e2df055d0a75c25f53a88cb830a5b6d66411fa179413f352f45ca2f6873829d5,exact_kpi_selection,3,3,"42,43,44",14.96,14.96,15.33,15.083333333333334,0.21361959960016108,,,not reported for fewer than 5 independent seeds
rag,allenai/OLMo-2-0425-1B-Instruct,dashboard_v4,e2df055d0a75c25f53a88cb830a5b6d66411fa179413f352f45ca2f6873829d5,exact_mapping_count,3,3,"42,43,44",20.8,22.26,20.8,21.286666666666665,0.8429313930168542,,,not reported for fewer than 5 independent seeds
rag,allenai/OLMo-2-0425-1B-Instruct,dashboard_v4,e2df055d0a75c25f53a88cb830a5b6d66411fa179413f352f45ca2f6873829d5,exact_encoding,3,3,"42,43,44",0.0,0.0,0.0,0.0,0.0,,,not reported for fewer than 5 independent seeds
rag,allenai/OLMo-2-0425-1B-Instruct,dashboard_v4,e2df055d0a75c25f53a88cb830a5b6d66411fa179413f352f45ca2f6873829d5,encoding_x_accuracy,3,3,"42,43,44",0.0,0.0,0.36,0.12,0.20784609690826528,,,not reported for fewer than 5 independent seeds
rag,allenai/OLMo-2-0425-1B-Instruct,dashboard_v4,e2df055d0a75c25f53a88cb830a5b6d66411fa179413f352f45ca2f6873829d5,encoding_y_accuracy,3,3,"42,43,44",0.0,0.0,0.0,0.0,0.0,,,not reported for fewer than 5 independent seeds
rag,allenai/OLMo-2-0425-1B-Instruct,dashboard_v4,e2df055d0a75c25f53a88cb830a5b6d66411fa179413f352f45ca2f6873829d5,encoding_aggregate_accuracy,3,3,"42,43,44",0.0,0.0,0.0,0.0,0.0,,,not reported for fewer than 5 independent seeds
rag,allenai/OLMo-2-0425-1B-Instruct,dashboard_v4,e2df055d0a75c25f53a88cb830a5b6d66411fa179413f352f45ca2f6873829d5,encoding_mapping_exact_accuracy,3,3,"42,43,44",0.0,0.0,0.0,0.0,0.0,,,not reported for fewer than 5 independent seeds
rag,allenai/OLMo-2-0425-1B-Instruct,dashboard_v4,e2df055d0a75c25f53a88cb830a5b6d66411fa179413f352f45ca2f6873829d5,exact_aggregate,3,3,"42,43,44",0.0,0.0,0.0,0.0,0.0,,,not reported for fewer than 5 independent seeds
rag,allenai/OLMo-2-0425-1B-Instruct,dashboard_v4,e2df055d0a75c25f53a88cb830a5b6d66411fa179413f352f45ca2f6873829d5,avg_latency_ms,3,3,"42,43,44",9952.8,9961.1,9938.4,9950.766666666668,11.485788320064936,,,not reported for fewer than 5 independent seeds
rag,allenai/OLMo-2-0425-1B-Instruct,dashboard_v4,e2df055d0a75c25f53a88cb830a5b6d66411fa179413f352f45ca2f6873829d5,paraphrase_accuracy,3,3,"42,43,44",22.99,25.55,23.36,23.96666666666667,1.3836304901719014,,,not reported for fewer than 5 independent seeds
rag,allenai/OLMo-2-0425-1B-Instruct,dashboard_v4,e2df055d0a75c25f53a88cb830a5b6d66411fa179413f352f45ca2f6873829d5,paraphrase_consistency,3,3,"42,43,44",9.12,10.95,9.49,9.853333333333333,0.9675915116066971,,,not reported for fewer than 5 independent seeds
rag,allenai/OLMo-2-0425-1B-Instruct,dashboard_v4,e2df055d0a75c25f53a88cb830a5b6d66411fa179413f352f45ca2f6873829d5,missing_info_clarification_rate,3,3,"42,43,44",1.82,1.46,1.09,1.4566666666666668,0.3650114153466071,,,not reported for fewer than 5 independent seeds
rag,allenai/OLMo-2-0425-1B-Instruct,dashboard_v4,e2df055d0a75c25f53a88cb830a5b6d66411fa179413f352f45ca2f6873829d5,missing_info_schema_rate,3,3,"42,43,44",29.56,30.29,24.09,27.98,3.3885542639892896,,,not reported for fewer than 5 independent seeds
rag,allenai/OLMo-2-0425-1B-Instruct,dashboard_v4,e2df055d0a75c25f53a88cb830a5b6d66411fa179413f352f45ca2f6873829d5,supported_claim_rate,3,3,"42,43,44",39.05,46.58,49.72,45.11666666666667,5.483450859936044,,,not reported for fewer than 5 independent seeds
rag,allenai/OLMo-2-0425-1B-Instruct,dashboard_v4,e2df055d0a75c25f53a88cb830a5b6d66411fa179413f352f45ca2f6873829d5,retrieval_recall_at_3,3,0,"42,43,44",,,,,,,,metric unavailable in source runs
rag,allenai/OLMo-2-0425-1B-Instruct,dashboard_v4,e2df055d0a75c25f53a88cb830a5b6d66411fa179413f352f45ca2f6873829d5,retrieval_mrr_at_3,3,0,"42,43,44",,,,,,,,metric unavailable in source runs
rag,allenai/OLMo-2-0425-1B-Instruct,dashboard_v4,e2df055d0a75c25f53a88cb830a5b6d66411fa179413f352f45ca2f6873829d5,retrieval_ndcg_at_3,3,0,"42,43,44",,,,,,,,metric unavailable in source runs
rag,allenai/OLMo-2-0425-1B-Instruct,dashboard_v4,e2df055d0a75c25f53a88cb830a5b6d66411fa179413f352f45ca2f6873829d5,retrieval_query_coverage,3,0,"42,43,44",,,,,,,,metric unavailable in source runs
rag,allenai/OLMo-2-0425-1B-Instruct,dashboard_v4,e2df055d0a75c25f53a88cb830a5b6d66411fa179413f352f45ca2f6873829d5,retrieval_top_3_support_rate,3,0,"42,43,44",,,,,,,,metric unavailable in source runs
