{
  "best_global_step": null,
  "best_metric": null,
  "best_model_checkpoint": null,
  "epoch": 1.0,
  "eval_steps": 500,
  "global_step": 18,
  "is_hyper_param_search": false,
  "is_local_process_zero": true,
  "is_world_process_zero": true,
  "log_history": [
    {
      "entropy": 1.8727353155612945,
      "epoch": 0.2777777777777778,
      "grad_norm": 0.8694086670875549,
      "learning_rate": 0.00015555555555555556,
      "loss": 2.3440855026245115,
      "mean_token_accuracy": 0.572423055768013,
      "num_tokens": 8920.0,
      "step": 5
    },
    {
      "entropy": 1.9445502698421477,
      "epoch": 0.5555555555555556,
      "grad_norm": 0.8190836310386658,
      "learning_rate": 0.0001,
      "loss": 2.203557586669922,
      "mean_token_accuracy": 0.588454794883728,
      "num_tokens": 17853.0,
      "step": 10
    },
    {
      "entropy": 2.003475022315979,
      "epoch": 0.8333333333333334,
      "grad_norm": 0.8785156607627869,
      "learning_rate": 4.4444444444444447e-05,
      "loss": 2.137557029724121,
      "mean_token_accuracy": 0.585804557800293,
      "num_tokens": 26765.0,
      "step": 15
    }
  ],
  "logging_steps": 5,
  "max_steps": 18,
  "num_input_tokens_seen": 0,
  "num_train_epochs": 1,
  "save_steps": 25,
  "stateful_callbacks": {
    "TrainerControl": {
      "args": {
        "should_epoch_stop": false,
        "should_evaluate": false,
        "should_log": false,
        "should_save": true,
        "should_training_stop": true
      },
      "attributes": {}
    }
  },
  "total_flos": 69112732575744.0,
  "train_batch_size": 1,
  "trial_name": null,
  "trial_params": null
}
